name,coordinates
"Linje 1","[[41.1874616, -8.6770763], [41.1867188, -8.6758318], [41.1856045, -8.6738147], [41.1850878, -8.6730208]]"
"bus-200-b-c","[[41.1518608, -8.6070635], [41.1507782, -8.6075249], [41.1503783, -8.6083081], [41.1502168, -8.6094239], [41.1491625, -8.609499], [41.148799, -8.6078896], [41.1483708, -8.6064144], [41.1479426, -8.6049607], [41.1473811, -8.6038985], [41.146452, -8.6040916], [41.1467227, -8.6054006], [41.1469812, -8.6066397], [41.1472478, -8.6077555], [41.1475023, -8.6089625], [41.1477164, -8.6100676], [41.1479022, -8.611339], [41.1482733, -8.6127782], [41.1483339, -8.6143822], [41.1474452, -8.6148006], [41.1472639, -8.6154012], [41.1472154, -8.6162622], [41.1472861, -8.6171151], [41.1474013, -8.6178983], [41.1480799, -8.6180754], [41.1479789, -8.6190651], [41.1478294, -8.619902], [41.1473629, -8.6204304], [41.1474841, -8.6213316], [41.1476537, -8.6221336], [41.1478719, -8.6229275], [41.1481102, -8.6237831], [41.1484636, -8.6246736], [41.1489039, -8.6254702], [41.1496472, -8.6256338], [41.150348, -8.6257921], [41.1509903, -8.6259342], [41.1516264, -8.6258109], [41.1522465, -8.6259852], [41.1525938, -8.6265646], [41.1524383, -8.6275248], [41.1524949, -8.6284233], [41.1525494, -8.6293111], [41.152612, -8.6301882], [41.1526625, -8.6311699], [41.1527534, -8.6321597], [41.1526766, -8.633144], [41.1525312, -8.6341955], [41.1524565, -8.635204], [41.1525393, -8.6361401], [41.1527453, -8.6370225], [41.15302, -8.638141], [41.1532502, -8.6390449], [41.1534623, -8.6399461], [41.1537107, -8.6409653], [41.1539692, -8.6419444], [41.1542903, -8.6429663], [41.1545589, -8.6442162], [41.1543953, -8.6456243], [41.1543286, -8.646665], [41.1543105, -8.6475502], [41.154262, -8.6484782], [41.1542681, -8.6493714], [41.1540802, -8.650227], [41.1534098, -8.6507474], [41.1528847, -8.6512221], [41.1524323, -8.6518471], [41.1521839, -8.6526464], [41.1521576, -8.6535395], [41.1522202, -8.6543388], [41.1521273, -8.6552427], [41.1517234, -8.6561359], [41.1513477, -8.656903], [41.1510307, -8.6576541], [41.1508691, -8.6584453], [41.1507136, -8.659368], [41.1505944, -8.6602585], [41.1505015, -8.6612348], [41.1504611, -8.662077], [41.1505116, -8.6630265], [41.1506146, -8.6640565], [41.1507843, -8.6650596], [41.1510145, -8.6659716], [41.1513255, -8.6669291], [41.1517173, -8.6679001], [41.1521758, -8.6687959], [41.1526585, -8.6696435], [41.1530927, -8.6703007], [41.1536238, -8.6710088], [41.1540378, -8.6715398], [41.1545771, -8.6720817], [41.155296, -8.6721192], [41.1556434, -8.6728085], [41.1550072, -8.6732189], [41.1550032, -8.6737875], [41.1554899, -8.6742623], [41.1561886, -8.6749302], [41.1558251, -8.6756624], [41.155395, -8.6765153], [41.1549789, -8.6773495], [41.155502, -8.6780147], [41.1560937, -8.6785055], [41.1566188, -8.6789508], [41.1571822, -8.6794363], [41.1577133, -8.6798762], [41.1582586, -8.6803402], [41.1589694, -8.6809437], [41.1594662, -8.6813621], [41.159973, -8.6817644], [41.160599, -8.682097], [41.1611382, -8.6823921], [41.1617884, -8.6827408], [41.1625032, -8.6831189], [41.1631757, -8.6834837], [41.1633897, -8.6841757], [41.1631413, -8.6850045], [41.1630747, -8.6858012], [41.1636704, -8.686123], [41.1642539, -8.6864476], [41.1649667, -8.6868606], [41.1657199, -8.6872844], [41.1664084, -8.6876599], [41.1671596, -8.688073], [41.1678602, -8.6878745], [41.1684134, -8.6885665], [41.1678198, -8.6893148], [41.1674564, -8.6890547]]"
"bus-200-c-b","[[41.1674564, -8.6890547], [41.1671209, -8.6881317], [41.1664949, -8.6877884], [41.1658528, -8.6874397], [41.165138, -8.6870266], [41.1644515, -8.6866511], [41.1647705, -8.6857338], [41.1644555, -8.6851222], [41.1637084, -8.6847521], [41.1630744, -8.6844463], [41.1623595, -8.6840923], [41.1617537, -8.6838026], [41.1611802, -8.6835666], [41.1605946, -8.6832876], [41.1598152, -8.6829175], [41.1591932, -8.6823918], [41.1585955, -8.6818714], [41.1579937, -8.6813618], [41.1573434, -8.6808253], [41.1567093, -8.6802621], [41.1568224, -8.6794467], [41.156475, -8.6788512], [41.1558692, -8.678347], [41.155328, -8.6779071], [41.1549766, -8.6772634], [41.154605, -8.6768396], [41.1540678, -8.6763246], [41.1534781, -8.6757399], [41.1539264, -8.6749298], [41.1539628, -8.674329], [41.1542697, -8.6739696], [41.1547383, -8.6734922], [41.1547867, -8.6726124], [41.1543344, -8.6719097], [41.1538739, -8.6714108], [41.1533973, -8.6708153], [41.1529813, -8.6702467], [41.1524966, -8.6694796], [41.1520846, -8.6687179], [41.1516362, -8.6678113], [41.1512525, -8.6668618], [41.1509495, -8.6659284], [41.1507072, -8.6649252], [41.1505537, -8.6639382], [41.1504608, -8.6628706], [41.1504285, -8.6618729], [41.150485, -8.6608643], [41.1506021, -8.6598612], [41.1507152, -8.6590136], [41.1509293, -8.6578549], [41.1512323, -8.6568518], [41.1516645, -8.6559935], [41.1520482, -8.655103], [41.1521451, -8.6540515], [41.1521169, -8.6528445], [41.1524037, -8.6517234], [41.1529611, -8.6510475], [41.1535831, -8.6504574], [41.1539749, -8.6495776], [41.1541405, -8.648494], [41.1541809, -8.6473246], [41.1542495, -8.6461551], [41.154399, -8.6451305], [41.154504, -8.6440898], [41.1542697, -8.6431028], [41.1539789, -8.6421479], [41.1536962, -8.641134], [41.1534538, -8.6401631], [41.1532236, -8.639176], [41.1529328, -8.6379744], [41.15265, -8.6368157], [41.1524198, -8.6356248], [41.1524238, -8.6344607], [41.1526137, -8.6332698], [41.15265, -8.6320038], [41.1526056, -8.6309148], [41.1525208, -8.6297614], [41.1524562, -8.6284257], [41.1523431, -8.6271812], [41.1523027, -8.6261566], [41.1513696, -8.6258508], [41.1505779, -8.6259313], [41.1497862, -8.6257435], [41.1490268, -8.6255718], [41.1483926, -8.6248906], [41.1480816, -8.6238445], [41.1477705, -8.6227287], [41.147512, -8.6217524], [41.1473262, -8.6204166], [41.1465021, -8.6203147], [41.1460376, -8.6195744], [41.1463244, -8.6179705], [41.1456013, -8.6174984], [41.1449226, -8.6167956], [41.1454478, -8.6155726], [41.1462678, -8.615299], [41.1470111, -8.6151434], [41.1475928, -8.6146713], [41.148332, -8.6143334], [41.1483037, -8.6133302], [41.148231, -8.6121876], [41.148942, -8.6119355], [41.1493984, -8.6112327], [41.1493863, -8.6103476], [41.150073, -8.6102296], [41.1508526, -8.6099989], [41.1516645, -8.6096449], [41.1525935, -8.6099775], [41.1534983, -8.6099614], [41.1534902, -8.6087544], [41.1534781, -8.607644], [41.1533448, -8.6063887], [41.152541, -8.606335], [41.1518584, -8.6071021]]"
"200-bus-b-c","[[41.15166, -8.60716], [41.15161, -8.60718], [41.15111, -8.6074], [41.15096, -8.60745], [41.1508, -8.60751], [41.15067, -8.60756], [41.15052, -8.60762], [41.15045, -8.60765], [41.15024, -8.60774], [41.15051, -8.6089], [41.15024, -8.60935], [41.15021, -8.60938], [41.15019, -8.6094], [41.15017, -8.60942], [41.15012, -8.60944], [41.15004, -8.60945], [41.14979, -8.6095], [41.14956, -8.60951], [41.14948, -8.60951], [41.1494, -8.60952], [41.1492, -8.60951], [41.14915, -8.60948], [41.14917, -8.60926], [41.14916, -8.6092], [41.14894, -8.60846], [41.14887, -8.60819], [41.14881, -8.60795], [41.14878, -8.60782], [41.14857, -8.6071], [41.14834, -8.6063], [41.14794, -8.60495], [41.14766, -8.60393], [41.14678, -8.60384], [41.14653, -8.60381], [41.14649, -8.60395], [41.14647, -8.60403], [41.14646, -8.60409], [41.14645, -8.60417], [41.14649, -8.60432], [41.1466, -8.60485], [41.14675, -8.60554], [41.14684, -8.60601], [41.14689, -8.60624], [41.14692, -8.60639], [41.14696, -8.60657], [41.14703, -8.60682], [41.14711, -8.60718], [41.14729, -8.60804], [41.1473, -8.6081], [41.14742, -8.60865], [41.14755, -8.60933], [41.14758, -8.60943], [41.14785, -8.61094], [41.14789, -8.61128], [41.14796, -8.61217], [41.14806, -8.61311], [41.14829, -8.61305], [41.14835, -8.61393], [41.14835, -8.61394], [41.14836, -8.61416], [41.14836, -8.61424], [41.14836, -8.61425], [41.14835, -8.6143], [41.14834, -8.61432], [41.14829, -8.61439], [41.14827, -8.6144], [41.14825, -8.61442], [41.1482, -8.61443], [41.14815, -8.61444], [41.14786, -8.6145], [41.14779, -8.61454], [41.14773, -8.61457], [41.14767, -8.61462], [41.14746, -8.61478], [41.1473, -8.61491], [41.14727, -8.61495], [41.14726, -8.61496], [41.14723, -8.61501], [41.14722, -8.61507], [41.14721, -8.61513], [41.14724, -8.61531], [41.14726, -8.6155], [41.14729, -8.61586], [41.14729, -8.61591], [41.14729, -8.61595], [41.14728, -8.61602], [41.14722, -8.61616], [41.14719, -8.61623], [41.14718, -8.61627], [41.14718, -8.6163], [41.14718, -8.61633], [41.14718, -8.61636], [41.14718, -8.61638], [41.14722, -8.61674], [41.14726, -8.61708], [41.14725, -8.61726], [41.14721, -8.61786], [41.14801, -8.61809], [41.14808, -8.61812], [41.14803, -8.61859], [41.14802, -8.61868], [41.1479, -8.6196], [41.14788, -8.6197], [41.14785, -8.61979], [41.14783, -8.61985], [41.14777, -8.61997], [41.14769, -8.62013], [41.1476, -8.6202], [41.14754, -8.62026], [41.1475, -8.62029], [41.14745, -8.62032], [41.1474, -8.62034], [41.14733, -8.62038], [41.14737, -8.62064], [41.14742, -8.621], [41.14743, -8.62107], [41.14754, -8.62181], [41.14759, -8.62197], [41.14763, -8.62215], [41.14777, -8.62269], [41.14807, -8.62376], [41.14821, -8.62418], [41.14831, -8.62443], [41.14835, -8.62449], [41.14838, -8.62455], [41.14848, -8.62479], [41.14854, -8.62493], [41.14863, -8.62517], [41.14868, -8.62528], [41.14869, -8.62532], [41.14871, -8.62536], [41.14873, -8.62539], [41.14875, -8.62541], [41.14878, -8.62543], [41.14883, -8.62545], [41.14887, -8.62547], [41.14888, -8.62547], [41.14893, -8.62551], [41.14909, -8.62555], [41.14911, -8.62555], [41.1504, -8.62584], [41.15094, -8.62597], [41.15114, -8.62588], [41.15126, -8.62584], [41.15138, -8.62582], [41.15139, -8.62582], [41.1516, -8.62586], [41.15194, -8.62596], [41.15218, -8.62602], [41.15221, -8.62599], [41.15222, -8.62599], [41.15223, -8.62599], [41.15224, -8.62599], [41.15235, -8.62602], [41.15262, -8.62614], [41.15266, -8.62615], [41.15268, -8.62626], [41.15252, -8.62671], [41.15249, -8.62682], [41.15246, -8.62695], [41.15244, -8.62705], [41.15243, -8.62716], [41.15242, -8.62735], [41.15242, -8.62737], [41.15242, -8.62738], [41.1524, -8.62741], [41.15248, -8.62855], [41.15248, -8.62858], [41.15248, -8.62874], [41.15253, -8.62941], [41.15253, -8.62945], [41.1526, -8.63064], [41.15264, -8.63124], [41.15265, -8.63135], [41.15268, -8.63143], [41.1527, -8.63151], [41.15274, -8.63212], [41.15274, -8.63222], [41.15274, -8.63225], [41.15274, -8.63231], [41.15273, -8.63239], [41.1527, -8.63272], [41.15268, -8.63279], [41.15265, -8.63285], [41.15266, -8.63297], [41.15264, -8.63318], [41.15261, -8.63348], [41.1526, -8.63354], [41.15259, -8.63361], [41.15251, -8.63419], [41.15248, -8.63436], [41.15247, -8.63445], [41.15244, -8.63464], [41.15243, -8.63483], [41.15242, -8.6351], [41.15244, -8.63546], [41.15246, -8.63587], [41.15248, -8.63598], [41.15249, -8.63606], [41.15283, -8.63753], [41.15301, -8.63821], [41.15315, -8.63876], [41.15321, -8.63901], [41.15351, -8.64032], [41.15354, -8.64043], [41.15389, -8.64174], [41.15411, -8.64245], [41.15432, -8.64317], [41.15452, -8.64384], [41.15454, -8.64396], [41.15454, -8.64406], [41.15444, -8.64497], [41.15444, -8.64499], [41.15444, -8.645], [41.15433, -8.64594], [41.15435, -8.64605], [41.15432, -8.64645], [41.1543, -8.64666], [41.15429, -8.64692], [41.15429, -8.64712], [41.15429, -8.64723], [41.15428, -8.64753], [41.15428, -8.64781], [41.15427, -8.64788], [41.15427, -8.64803], [41.15426, -8.64828], [41.15425, -8.64843], [41.15428, -8.64851], [41.15428, -8.64858], [41.15429, -8.64866], [41.15436, -8.64912], [41.15437, -8.64917], [41.15429, -8.64928], [41.15427, -8.64931], [41.15424, -8.64936], [41.15423, -8.6494], [41.15423, -8.64944], [41.15422, -8.64949], [41.15422, -8.64963], [41.15423, -8.64975], [41.15422, -8.64977], [41.15422, -8.6498], [41.15418, -8.64986], [41.15415, -8.65003], [41.1541, -8.65013], [41.15408, -8.65015], [41.15398, -8.65028], [41.15396, -8.65031], [41.15384, -8.65041], [41.15374, -8.65048], [41.15372, -8.65048], [41.15361, -8.65056], [41.15348, -8.65064], [41.1533, -8.65081], [41.15321, -8.6509], [41.1532, -8.65091], [41.15307, -8.65102], [41.15291, -8.65115], [41.15276, -8.65128], [41.15264, -8.65142], [41.15263, -8.65143], [41.15255, -8.65155], [41.1524, -8.65184], [41.15228, -8.6521], [41.15222, -8.65229], [41.15218, -8.65249], [41.15218, -8.65251], [41.15215, -8.65279], [41.15215, -8.65283], [41.15214, -8.65288], [41.15214, -8.65293], [41.15214, -8.65297], [41.15213, -8.65302], [41.15213, -8.65306], [41.15213, -8.65309], [41.15213, -8.65313], [41.15213, -8.65317], [41.15213, -8.6532], [41.15213, -8.65324], [41.15213, -8.65327], [41.15213, -8.65331], [41.15213, -8.65335], [41.15213, -8.65338], [41.15213, -8.65342], [41.15213, -8.6536], [41.15214, -8.65372], [41.15216, -8.65392], [41.15219, -8.65424], [41.15221, -8.65433], [41.15221, -8.65436], [41.15221, -8.65438], [41.15221, -8.6544], [41.15221, -8.65449], [41.15221, -8.65461], [41.1522, -8.65472], [41.15215, -8.65498], [41.15215, -8.65502], [41.15214, -8.65503], [41.1521, -8.65519], [41.15209, -8.65523], [41.15203, -8.65545], [41.15202, -8.65548], [41.15196, -8.65565], [41.15193, -8.6557], [41.15178, -8.65596], [41.15173, -8.65604], [41.15155, -8.65637], [41.15142, -8.65669], [41.15123, -8.65712], [41.15117, -8.65724], [41.15115, -8.65729], [41.15112, -8.65739], [41.15108, -8.65742], [41.15101, -8.65764], [41.15093, -8.65792], [41.15089, -8.65813], [41.15084, -8.65842], [41.1508, -8.65864], [41.15072, -8.65904], [41.15071, -8.65913], [41.15053, -8.66059], [41.15052, -8.66066], [41.15051, -8.66077], [41.1505, -8.66087], [41.15049, -8.66098], [41.15045, -8.66158], [41.15044, -8.66175], [41.15044, -8.66183], [41.15044, -8.66228], [41.15045, -8.66244], [41.15045, -8.66256], [41.15048, -8.66289], [41.1505, -8.66335], [41.1506, -8.66413], [41.15063, -8.66433], [41.15071, -8.66485], [41.15076, -8.6651], [41.1509, -8.66568], [41.151, -8.66604], [41.15106, -8.66622], [41.15109, -8.66632], [41.15117, -8.66656], [41.15142, -8.66727], [41.15145, -8.66734], [41.15161, -8.66774], [41.15169, -8.6679], [41.15181, -8.66815], [41.15223, -8.66898], [41.15228, -8.66905], [41.15234, -8.66916], [41.15242, -8.66932], [41.1526, -8.66959], [41.15263, -8.66965], [41.15303, -8.67027], [41.15352, -8.67093], [41.15366, -8.67109], [41.15379, -8.67127], [41.15403, -8.67156], [41.15416, -8.67171], [41.15444, -8.67199], [41.15447, -8.67202], [41.15456, -8.6721], [41.15482, -8.67235], [41.15485, -8.67237], [41.15487, -8.67236], [41.15488, -8.67234], [41.15489, -8.67232], [41.1549, -8.67231], [41.15491, -8.67229], [41.15493, -8.67228], [41.15494, -8.67226], [41.15495, -8.67224], [41.15499, -8.67221], [41.15503, -8.67219], [41.15508, -8.67217], [41.15512, -8.67215], [41.15517, -8.67214], [41.15521, -8.67214], [41.15526, -8.67214], [41.1553, -8.67214], [41.15532, -8.67216], [41.15534, -8.67217], [41.15536, -8.67218], [41.15539, -8.67219], [41.15541, -8.6722], [41.15543, -8.67222], [41.15544, -8.67223], [41.15547, -8.67224], [41.15551, -8.67229], [41.15555, -8.67235], [41.15558, -8.67242], [41.15561, -8.6725], [41.15562, -8.67258], [41.15563, -8.67266], [41.15563, -8.67274], [41.15562, -8.67282], [41.1556, -8.67286], [41.15559, -8.6729], [41.15558, -8.67294], [41.15556, -8.67297], [41.15554, -8.67301], [41.15552, -8.67304], [41.1555, -8.67307], [41.15548, -8.67311], [41.15542, -8.67318], [41.15535, -8.67322], [41.15528, -8.67325], [41.1552, -8.67326], [41.15512, -8.67325], [41.15505, -8.67322], [41.15498, -8.67317], [41.15491, -8.67311], [41.15482, -8.67329], [41.15472, -8.67352], [41.15618, -8.67495], [41.15578, -8.67571], [41.15532, -8.67664], [41.15499, -8.67728], [41.15488, -8.67754], [41.1556, -8.67811], [41.15604, -8.67849], [41.15663, -8.67898], [41.15678, -8.67911], [41.15693, -8.67924], [41.15795, -8.6801], [41.15872, -8.68075], [41.15938, -8.68131], [41.15973, -8.6816], [41.1601, -8.68189], [41.16045, -8.68203], [41.16076, -8.68221], [41.16207, -8.68291], [41.16272, -8.68326], [41.16296, -8.68339], [41.16316, -8.6835], [41.16323, -8.68354], [41.16351, -8.6837], [41.16326, -8.68453], [41.16291, -8.68574], [41.16319, -8.6859], [41.16376, -8.68622], [41.16419, -8.68647], [41.16434, -8.68656], [41.1644, -8.68659], [41.16448, -8.68663], [41.16478, -8.6868], [41.1655, -8.6872], [41.16562, -8.68727], [41.16582, -8.68737], [41.16586, -8.6874], [41.16595, -8.68746], [41.16622, -8.68761], [41.16684, -8.68795], [41.167, -8.68804], [41.16712, -8.6881], [41.16734, -8.68816], [41.1674, -8.68817], [41.16747, -8.68817], [41.16749, -8.68816], [41.16751, -8.68812], [41.16753, -8.68809], [41.16756, -8.68806], [41.16759, -8.68803], [41.16762, -8.68801], [41.16765, -8.68799], [41.16766, -8.68798], [41.16768, -8.68797], [41.16769, -8.68796], [41.16771, -8.68795], [41.16772, -8.68795], [41.16774, -8.68794], [41.16775, -8.68793], [41.16777, -8.68793], [41.16779, -8.68792], [41.16781, -8.68792], [41.16783, -8.68792], [41.16786, -8.68791], [41.16788, -8.68791], [41.1679, -8.68791], [41.16792, -8.68792], [41.16795, -8.68792], [41.16798, -8.68793], [41.16802, -8.68794], [41.16806, -8.68796], [41.1681, -8.68798], [41.16813, -8.68801], [41.16817, -8.68804], [41.1682, -8.68807], [41.16823, -8.6881], [41.16825, -8.68813], [41.16827, -8.68816], [41.16829, -8.6882], [41.16831, -8.68823], [41.16832, -8.68826], [41.16834, -8.6883], [41.16835, -8.68834], [41.16836, -8.68838], [41.16837, -8.68843], [41.16838, -8.68849], [41.16839, -8.68855], [41.16839, -8.68861], [41.16838, -8.68867], [41.16838, -8.68873], [41.16837, -8.68878], [41.16835, -8.68884], [41.16833, -8.68892], [41.16829, -8.68899], [41.16825, -8.68906], [41.1682, -8.68911], [41.16815, -8.68917], [41.1681, -8.68921], [41.16804, -8.68924], [41.16798, -8.68926], [41.16793, -8.68926], [41.1679, -8.68926], [41.16787, -8.68927], [41.16783, -8.68926], [41.16781, -8.68926], [41.16776, -8.68925], [41.16774, -8.68924], [41.16771, -8.68924], [41.16769, -8.68923], [41.16761, -8.68917], [41.16759, -8.68915], [41.16756, -8.68913], [41.16753, -8.6891], [41.1675, -8.68905], [41.1675, -8.68904]]"
"Bolhão, 4000-226 Porto, Portugal","[[41.1516619, -8.6071555]]"
"Castelo do Queijo, 4100 Porto, Portugal","[[41.1674951, -8.689044]]"
"200-bus-c-b","[[41.16749, -8.68904], [41.16747, -8.68899], [41.16743, -8.68893], [41.16741, -8.68888], [41.1674, -8.68884], [41.16739, -8.68879], [41.16738, -8.68874], [41.16737, -8.68868], [41.16737, -8.68864], [41.16737, -8.68859], [41.16737, -8.68854], [41.16737, -8.68848], [41.16725, -8.68828], [41.16721, -8.68823], [41.16712, -8.6881], [41.167, -8.68804], [41.16684, -8.68795], [41.16622, -8.68761], [41.16595, -8.68746], [41.16586, -8.6874], [41.16582, -8.68737], [41.16562, -8.68727], [41.1655, -8.6872], [41.16478, -8.6868], [41.16448, -8.68663], [41.16464, -8.68614], [41.16473, -8.68589], [41.16491, -8.68534], [41.16326, -8.68453], [41.16258, -8.6842], [41.16241, -8.68412], [41.1622, -8.68402], [41.16166, -8.68376], [41.16152, -8.6837], [41.16127, -8.68359], [41.16118, -8.68355], [41.16039, -8.6832], [41.15993, -8.68298], [41.15971, -8.68283], [41.15935, -8.68253], [41.15838, -8.68168], [41.15758, -8.68102], [41.15648, -8.68006], [41.15669, -8.67968], [41.15693, -8.67924], [41.15678, -8.67911], [41.15663, -8.67898], [41.15604, -8.67849], [41.1556, -8.67811], [41.15488, -8.67754], [41.15499, -8.67728], [41.15487, -8.67712], [41.15481, -8.67703], [41.15473, -8.67694], [41.15466, -8.67687], [41.15431, -8.67656], [41.15384, -8.67609], [41.15345, -8.6757], [41.15385, -8.67503], [41.15409, -8.67462], [41.15416, -8.67448], [41.15378, -8.6742], [41.15379, -8.67415], [41.1538, -8.67412], [41.15382, -8.67407], [41.15385, -8.67401], [41.15447, -8.67393], [41.15459, -8.67374], [41.15472, -8.67352], [41.15482, -8.67329], [41.15491, -8.67311], [41.15485, -8.67304], [41.15481, -8.67296], [41.15479, -8.67286], [41.15478, -8.67276], [41.15478, -8.67266], [41.15479, -8.67256], [41.15482, -8.67247], [41.15485, -8.67237], [41.15482, -8.67235], [41.15456, -8.6721], [41.15447, -8.67202], [41.15444, -8.67199], [41.15416, -8.67171], [41.15403, -8.67156], [41.15379, -8.67127], [41.15366, -8.67109], [41.15352, -8.67093], [41.15303, -8.67027], [41.15263, -8.66965], [41.1526, -8.66959], [41.15242, -8.66932], [41.15234, -8.66916], [41.15228, -8.66905], [41.15223, -8.66898], [41.15181, -8.66815], [41.15169, -8.6679], [41.15161, -8.66774], [41.15145, -8.66734], [41.15142, -8.66727], [41.15117, -8.66656], [41.15109, -8.66632], [41.15106, -8.66622], [41.151, -8.66604], [41.1509, -8.66568], [41.15076, -8.6651], [41.15071, -8.66485], [41.15063, -8.66433], [41.1506, -8.66413], [41.1505, -8.66335], [41.15048, -8.66289], [41.15045, -8.66256], [41.15045, -8.66244], [41.15044, -8.66228], [41.15044, -8.66183], [41.15044, -8.66175], [41.15045, -8.66158], [41.15049, -8.66098], [41.1505, -8.66087], [41.15051, -8.66077], [41.15052, -8.66066], [41.15053, -8.66059], [41.15071, -8.65913], [41.15072, -8.65904], [41.1508, -8.65864], [41.15084, -8.65842], [41.15089, -8.65813], [41.15093, -8.65792], [41.15101, -8.65764], [41.15108, -8.65742], [41.15107, -8.65736], [41.15109, -8.65727], [41.15112, -8.6572], [41.15117, -8.6571], [41.15136, -8.65665], [41.15146, -8.65641], [41.15167, -8.65602], [41.15172, -8.65593], [41.15181, -8.65577], [41.15199, -8.65535], [41.15206, -8.65515], [41.1521, -8.65501], [41.15213, -8.65483], [41.15215, -8.65472], [41.15216, -8.65459], [41.15217, -8.65449], [41.15218, -8.65438], [41.15219, -8.65424], [41.15216, -8.65392], [41.15214, -8.65372], [41.15213, -8.6536], [41.15213, -8.65342], [41.15213, -8.65338], [41.15213, -8.65335], [41.15213, -8.65331], [41.15213, -8.65327], [41.15213, -8.65324], [41.15213, -8.6532], [41.15213, -8.65317], [41.15213, -8.65313], [41.15213, -8.65309], [41.15213, -8.65306], [41.15213, -8.65302], [41.15214, -8.65297], [41.15214, -8.65293], [41.15214, -8.65288], [41.15215, -8.65283], [41.15215, -8.65279], [41.15218, -8.65251], [41.15218, -8.65249], [41.15222, -8.65229], [41.15228, -8.6521], [41.1524, -8.65184], [41.15255, -8.65155], [41.15263, -8.65143], [41.15264, -8.65142], [41.15276, -8.65128], [41.15291, -8.65115], [41.15307, -8.65102], [41.1532, -8.65091], [41.15321, -8.6509], [41.1533, -8.65081], [41.15348, -8.65064], [41.15369, -8.65037], [41.1537, -8.65035], [41.15375, -8.65026], [41.15391, -8.64988], [41.15392, -8.64983], [41.15395, -8.64975], [41.15403, -8.64948], [41.15405, -8.6494], [41.15406, -8.64937], [41.15409, -8.64919], [41.15412, -8.64902], [41.15412, -8.649], [41.15415, -8.64879], [41.15416, -8.64855], [41.15416, -8.64835], [41.1542, -8.64734], [41.1542, -8.64715], [41.15421, -8.64693], [41.15421, -8.64691], [41.15421, -8.64681], [41.15422, -8.64669], [41.15422, -8.64662], [41.15424, -8.64643], [41.15427, -8.64625], [41.1543, -8.64603], [41.15433, -8.64594], [41.15444, -8.645], [41.15444, -8.64499], [41.15444, -8.64497], [41.15454, -8.64406], [41.15454, -8.64396], [41.15452, -8.64384], [41.15432, -8.64317], [41.15411, -8.64245], [41.15389, -8.64174], [41.15354, -8.64043], [41.15351, -8.64032], [41.15321, -8.63901], [41.15315, -8.63876], [41.15301, -8.63821], [41.15283, -8.63753], [41.15249, -8.63606], [41.15248, -8.63598], [41.15246, -8.63587], [41.15244, -8.63546], [41.15242, -8.6351], [41.15243, -8.63483], [41.15244, -8.63464], [41.15247, -8.63445], [41.15248, -8.63436], [41.15251, -8.63419], [41.15259, -8.63361], [41.1526, -8.63354], [41.15261, -8.63348], [41.15264, -8.63318], [41.15266, -8.63297], [41.15265, -8.63285], [41.15264, -8.6328], [41.15266, -8.63261], [41.15265, -8.63253], [41.15265, -8.63244], [41.15265, -8.63243], [41.15264, -8.63239], [41.15263, -8.63224], [41.15262, -8.63208], [41.15261, -8.63168], [41.1526, -8.63144], [41.1526, -8.63136], [41.1526, -8.6313], [41.1526, -8.63128], [41.15261, -8.63128], [41.15261, -8.63127], [41.15264, -8.63124], [41.1526, -8.63064], [41.15253, -8.62945], [41.15253, -8.62941], [41.15248, -8.62874], [41.15248, -8.62858], [41.15248, -8.62855], [41.1524, -8.62741], [41.15238, -8.62736], [41.15238, -8.62735], [41.15237, -8.62719], [41.15239, -8.62709], [41.15241, -8.62698], [41.15243, -8.62687], [41.15245, -8.6268], [41.1526, -8.62623], [41.15231, -8.62614], [41.15221, -8.62608], [41.15221, -8.62607], [41.15218, -8.62602], [41.15194, -8.62596], [41.1516, -8.62586], [41.15139, -8.62582], [41.15138, -8.62582], [41.15126, -8.62584], [41.15114, -8.62588], [41.15094, -8.62597], [41.1504, -8.62584], [41.14911, -8.62555], [41.14909, -8.62555], [41.14893, -8.62551], [41.14888, -8.62553], [41.14888, -8.62554], [41.14887, -8.62554], [41.14882, -8.62553], [41.14875, -8.62551], [41.14873, -8.6255], [41.14869, -8.62548], [41.14865, -8.62545], [41.14862, -8.62542], [41.14856, -8.62533], [41.14851, -8.62521], [41.14849, -8.62515], [41.14845, -8.62505], [41.14839, -8.62484], [41.14832, -8.62456], [41.14831, -8.62443], [41.14821, -8.62418], [41.14807, -8.62376], [41.14777, -8.62269], [41.14763, -8.62215], [41.14759, -8.62197], [41.14754, -8.62181], [41.14743, -8.62107], [41.14742, -8.621], [41.14737, -8.62064], [41.14733, -8.62038], [41.14731, -8.62038], [41.14726, -8.62038], [41.14721, -8.62038], [41.1472, -8.62038], [41.14708, -8.62038], [41.14663, -8.62029], [41.14619, -8.62021], [41.14606, -8.62019], [41.14602, -8.62019], [41.14604, -8.62007], [41.14611, -8.61997], [41.14615, -8.61962], [41.14618, -8.61939], [41.14624, -8.61892], [41.14629, -8.61855], [41.14637, -8.61786], [41.14637, -8.61785], [41.1464, -8.61767], [41.14634, -8.61765], [41.14609, -8.6176], [41.14574, -8.61753], [41.14562, -8.6175], [41.14553, -8.61747], [41.14494, -8.6173], [41.14494, -8.61729], [41.14493, -8.61729], [41.14492, -8.61728], [41.14491, -8.61727], [41.1449, -8.61726], [41.14489, -8.61726], [41.14489, -8.61725], [41.14488, -8.61725], [41.14488, -8.61724], [41.14487, -8.61723], [41.14487, -8.61722], [41.14486, -8.61722], [41.14486, -8.61721], [41.14485, -8.61721], [41.14485, -8.6172], [41.14485, -8.61719], [41.14484, -8.61718], [41.14483, -8.61717], [41.14483, -8.61716], [41.14482, -8.61714], [41.14483, -8.61711], [41.14483, -8.61709], [41.14483, -8.61706], [41.14483, -8.61703], [41.14483, -8.61699], [41.14484, -8.61697], [41.14485, -8.61693], [41.14486, -8.6169], [41.14486, -8.61685], [41.14521, -8.61617], [41.14549, -8.61555], [41.14552, -8.61549], [41.14565, -8.61548], [41.14595, -8.61542], [41.14692, -8.6152], [41.14721, -8.61513], [41.14722, -8.61507], [41.14723, -8.61501], [41.14726, -8.61496], [41.14727, -8.61495], [41.1473, -8.61491], [41.14746, -8.61478], [41.14767, -8.61462], [41.14773, -8.61457], [41.14779, -8.61454], [41.14786, -8.6145], [41.14815, -8.61444], [41.1482, -8.61443], [41.14825, -8.61442], [41.14827, -8.6144], [41.14829, -8.61439], [41.14834, -8.61432], [41.14835, -8.6143], [41.14836, -8.61425], [41.14836, -8.61424], [41.14836, -8.61416], [41.14835, -8.61394], [41.14835, -8.61393], [41.14829, -8.61305], [41.14829, -8.61299], [41.14825, -8.61286], [41.14817, -8.61252], [41.14814, -8.6124], [41.14812, -8.61237], [41.14811, -8.61235], [41.1481, -8.61233], [41.14807, -8.61232], [41.14805, -8.61225], [41.14815, -8.6122], [41.14818, -8.61219], [41.14882, -8.61212], [41.14895, -8.61192], [41.14897, -8.61189], [41.14908, -8.61172], [41.14919, -8.61157], [41.1492, -8.61155], [41.14943, -8.61121], [41.14929, -8.6112], [41.14927, -8.61104], [41.14926, -8.61086], [41.14924, -8.61071], [41.14921, -8.61046], [41.14937, -8.61037], [41.14963, -8.61022], [41.14974, -8.61021], [41.14979, -8.61021], [41.14984, -8.61022], [41.15006, -8.61027], [41.15033, -8.61034], [41.15036, -8.61034], [41.15046, -8.61032], [41.1506, -8.61025], [41.15089, -8.61], [41.15133, -8.60958], [41.15141, -8.60953], [41.15145, -8.6095], [41.15148, -8.60949], [41.15152, -8.60948], [41.15157, -8.60948], [41.15169, -8.60967], [41.15174, -8.60969], [41.15176, -8.6097], [41.15181, -8.60974], [41.15194, -8.60988], [41.152, -8.60992], [41.15202, -8.60994], [41.15205, -8.60996], [41.15207, -8.60997], [41.15214, -8.60999], [41.15325, -8.61], [41.15331, -8.60998], [41.15352, -8.60995], [41.15351, -8.60965], [41.15351, -8.6093], [41.15351, -8.60894], [41.1535, -8.60863], [41.1535, -8.60823], [41.15349, -8.60812], [41.15349, -8.60796], [41.15348, -8.60791], [41.15347, -8.60785], [41.15346, -8.60683], [41.15346, -8.60682], [41.15346, -8.60679], [41.15346, -8.60666], [41.15345, -8.60665], [41.15344, -8.60663], [41.15343, -8.60661], [41.15342, -8.60657], [41.15336, -8.60643], [41.15327, -8.60632], [41.15323, -8.60627], [41.15322, -8.60627], [41.15318, -8.60622], [41.15315, -8.60621], [41.15312, -8.60619], [41.15308, -8.60617], [41.15307, -8.60616], [41.15304, -8.60615], [41.15302, -8.60614], [41.15297, -8.60613], [41.15295, -8.60613], [41.15293, -8.60613], [41.15287, -8.60613], [41.15286, -8.60613], [41.15283, -8.60613], [41.15281, -8.60614], [41.15278, -8.60614], [41.15275, -8.60616], [41.15271, -8.60617], [41.15269, -8.60619], [41.15266, -8.60621], [41.15264, -8.60623], [41.15261, -8.60626], [41.15259, -8.60629], [41.15258, -8.6063], [41.15254, -8.60638], [41.15253, -8.6064], [41.15244, -8.60656], [41.15237, -8.60668], [41.15231, -8.60681], [41.15226, -8.60686], [41.15222, -8.60689], [41.15218, -8.60692], [41.15166, -8.60716]]"
"Castelo do Queijo, 4100 Porto, Portugal","[[41.1674904, -8.6890356]]"
"Bolhão, 4000-226 Porto, Portugal","[[41.1516577, -8.6071575]]"
"201-bus-a-v","[[41.15101, -8.61076], [41.15086, -8.61086], [41.15078, -8.61088], [41.15071, -8.61087], [41.15062, -8.61085], [41.15056, -8.61086], [41.15041, -8.61084], [41.15032, -8.61089], [41.15025, -8.61094], [41.15004, -8.6111], [41.14993, -8.61118], [41.1498, -8.61123], [41.14974, -8.61124], [41.14943, -8.61121], [41.14929, -8.6112], [41.14908, -8.61119], [41.1488, -8.61121], [41.14859, -8.61122], [41.14842, -8.61123], [41.14819, -8.61123], [41.14789, -8.61128], [41.14796, -8.61217], [41.14806, -8.61311], [41.14829, -8.61305], [41.14835, -8.61393], [41.14835, -8.61394], [41.14836, -8.61416], [41.14836, -8.61424], [41.14836, -8.61425], [41.14835, -8.6143], [41.14834, -8.61432], [41.14829, -8.61439], [41.14827, -8.6144], [41.14825, -8.61442], [41.1482, -8.61443], [41.14815, -8.61444], [41.14786, -8.6145], [41.14779, -8.61454], [41.14773, -8.61457], [41.14767, -8.61462], [41.14746, -8.61478], [41.1473, -8.61491], [41.14727, -8.61495], [41.14726, -8.61496], [41.14723, -8.61501], [41.14722, -8.61507], [41.14721, -8.61513], [41.14724, -8.61531], [41.14726, -8.6155], [41.14729, -8.61586], [41.14729, -8.61591], [41.14729, -8.61595], [41.14728, -8.61602], [41.14722, -8.61616], [41.14719, -8.61623], [41.14718, -8.61627], [41.14718, -8.6163], [41.14718, -8.61633], [41.14718, -8.61636], [41.14718, -8.61638], [41.14722, -8.61674], [41.14726, -8.61708], [41.14725, -8.61726], [41.14721, -8.61786], [41.14801, -8.61809], [41.14808, -8.61812], [41.14815, -8.61816], [41.14813, -8.61833], [41.14813, -8.61837], [41.14813, -8.6184], [41.14814, -8.61842], [41.14814, -8.61844], [41.14816, -8.61846], [41.14817, -8.61847], [41.14819, -8.61848], [41.1482, -8.61848], [41.14819, -8.61848], [41.14817, -8.61847], [41.14816, -8.61846], [41.14814, -8.61844], [41.14814, -8.61842], [41.14813, -8.6184], [41.14813, -8.61837], [41.14813, -8.61833], [41.14815, -8.61816], [41.14808, -8.61812], [41.14803, -8.61859], [41.14802, -8.61868], [41.1479, -8.6196], [41.14788, -8.6197], [41.14785, -8.61979], [41.14783, -8.61985], [41.14777, -8.61997], [41.14769, -8.62013], [41.1476, -8.6202], [41.14754, -8.62026], [41.1475, -8.62029], [41.14745, -8.62032], [41.1474, -8.62034], [41.14733, -8.62038], [41.14737, -8.62064], [41.14742, -8.621], [41.14743, -8.62107], [41.14754, -8.62181], [41.14759, -8.62197], [41.14763, -8.62215], [41.14777, -8.62269], [41.14807, -8.62376], [41.14821, -8.62418], [41.14831, -8.62443], [41.14835, -8.62449], [41.14838, -8.62455], [41.14848, -8.62479], [41.14854, -8.62493], [41.14863, -8.62517], [41.14868, -8.62528], [41.14869, -8.62532], [41.14871, -8.62536], [41.14873, -8.62539], [41.14875, -8.62541], [41.14878, -8.62543], [41.14883, -8.62545], [41.14887, -8.62547], [41.14888, -8.62547], [41.14893, -8.62551], [41.14909, -8.62555], [41.14911, -8.62555], [41.1504, -8.62584], [41.15094, -8.62597], [41.15114, -8.62588], [41.15126, -8.62584], [41.15138, -8.62582], [41.15139, -8.62582], [41.1516, -8.62586], [41.15194, -8.62596], [41.15218, -8.62602], [41.15221, -8.62599], [41.15222, -8.62599], [41.15223, -8.62599], [41.15224, -8.62599], [41.15235, -8.62602], [41.15262, -8.62614], [41.15266, -8.62615], [41.15278, -8.6262], [41.15291, -8.62628], [41.15353, -8.62647], [41.15411, -8.62664], [41.15415, -8.62662], [41.15448, -8.62672], [41.15461, -8.62676], [41.15483, -8.62683], [41.15501, -8.6269], [41.15507, -8.62695], [41.15509, -8.62699], [41.1556, -8.62741], [41.15564, -8.62744], [41.15575, -8.62751], [41.15606, -8.62776], [41.15678, -8.62837], [41.15693, -8.6285], [41.15712, -8.62851], [41.15718, -8.6284], [41.15725, -8.6283], [41.15733, -8.6282], [41.15741, -8.62811], [41.15755, -8.62803], [41.15766, -8.62799], [41.15774, -8.62797], [41.15775, -8.62797], [41.15781, -8.62795], [41.15792, -8.62793], [41.15803, -8.62792], [41.15814, -8.62792], [41.15826, -8.62794], [41.15837, -8.62798], [41.15844, -8.62804], [41.15852, -8.62811], [41.15862, -8.62823], [41.15871, -8.62837], [41.15879, -8.62853], [41.15885, -8.62869], [41.1589, -8.62885], [41.15891, -8.62891], [41.15891, -8.62892], [41.15892, -8.62908], [41.15891, -8.62914], [41.15891, -8.6292], [41.15888, -8.62935], [41.15885, -8.62949], [41.1588, -8.62962], [41.15876, -8.62972], [41.15872, -8.62981], [41.15868, -8.62989], [41.15863, -8.62995], [41.15856, -8.63003], [41.15852, -8.63006], [41.15845, -8.63012], [41.15839, -8.63017], [41.15833, -8.6302], [41.15827, -8.63023], [41.15823, -8.63024], [41.15821, -8.63024], [41.1582, -8.63036], [41.1582, -8.63041], [41.15821, -8.63048], [41.15823, -8.63058], [41.15826, -8.63082], [41.15839, -8.63147], [41.15844, -8.63173], [41.15847, -8.63203], [41.15856, -8.63267], [41.15865, -8.63323], [41.1587, -8.63355], [41.15891, -8.63482], [41.15902, -8.63551], [41.15906, -8.63576], [41.1591, -8.63597], [41.15926, -8.63697], [41.15947, -8.63818], [41.15952, -8.63843], [41.15962, -8.63901], [41.15968, -8.63939], [41.15982, -8.64017], [41.15986, -8.64045], [41.15987, -8.64056], [41.16003, -8.64147], [41.16006, -8.64165], [41.1601, -8.64191], [41.1603, -8.64315], [41.16036, -8.6435], [41.16043, -8.64387], [41.1605, -8.64423], [41.16052, -8.64433], [41.16058, -8.64468], [41.16069, -8.64535], [41.16081, -8.64608], [41.16089, -8.64656], [41.16098, -8.6471], [41.16106, -8.64749], [41.16109, -8.64768], [41.16117, -8.64817], [41.16126, -8.64873], [41.16127, -8.64877], [41.1613, -8.64894], [41.16135, -8.64922], [41.1614, -8.64949], [41.16145, -8.64979], [41.16152, -8.6502], [41.16159, -8.65062], [41.16163, -8.65089], [41.16168, -8.65121], [41.16174, -8.65158], [41.1619, -8.65248], [41.16201, -8.65311], [41.16212, -8.65376], [41.16212, -8.65379], [41.16233, -8.65506], [41.16238, -8.65538], [41.1624, -8.65545], [41.16241, -8.65555], [41.16247, -8.65592], [41.16264, -8.65694], [41.16289, -8.6584], [41.16293, -8.65861], [41.16312, -8.65975], [41.16317, -8.66003], [41.16336, -8.66123], [41.16337, -8.66128], [41.16347, -8.66185], [41.16356, -8.66239], [41.1636, -8.66263], [41.16362, -8.66275], [41.1637, -8.66281], [41.1638, -8.66285], [41.16383, -8.66282], [41.16384, -8.66281], [41.16389, -8.66277], [41.16475, -8.66203], [41.16499, -8.66184], [41.16525, -8.66162], [41.16637, -8.66071], [41.16658, -8.66051], [41.16701, -8.66015], [41.16731, -8.65989], [41.16832, -8.65905], [41.1691, -8.65841], [41.17013, -8.65753], [41.17025, -8.65743], [41.17052, -8.65721], [41.17056, -8.65718], [41.17094, -8.65683], [41.17166, -8.65624], [41.17276, -8.65534], [41.17302, -8.65511], [41.17311, -8.65504], [41.17317, -8.655], [41.17327, -8.65492], [41.17338, -8.65484], [41.17347, -8.65475], [41.17358, -8.65466], [41.17387, -8.65441], [41.17404, -8.65426], [41.17413, -8.65418], [41.17421, -8.65412], [41.17456, -8.65382], [41.17484, -8.65355], [41.17487, -8.65352], [41.17494, -8.65344], [41.17507, -8.65329], [41.17534, -8.65295], [41.1755, -8.65272], [41.17559, -8.65259], [41.17563, -8.65253], [41.17568, -8.65246], [41.17576, -8.65235], [41.17583, -8.65224], [41.17591, -8.65212], [41.17612, -8.65184], [41.17623, -8.65168], [41.17626, -8.65164], [41.17646, -8.65135], [41.17668, -8.65161], [41.17738, -8.65247], [41.17743, -8.65253], [41.17747, -8.65257], [41.17758, -8.65256], [41.1776, -8.65255], [41.17766, -8.65254], [41.17772, -8.65252], [41.17777, -8.65248], [41.17788, -8.65236], [41.17817, -8.65093], [41.17833, -8.65003], [41.17865, -8.64841], [41.17868, -8.64827], [41.17871, -8.64811], [41.17874, -8.64795], [41.17885, -8.64739], [41.17888, -8.6471], [41.17883, -8.64694], [41.1788, -8.64688], [41.17876, -8.6468], [41.17872, -8.64673], [41.17868, -8.64668], [41.17866, -8.64667], [41.17863, -8.64664], [41.17858, -8.64661], [41.17846, -8.64655], [41.17815, -8.64652], [41.17755, -8.64648], [41.17741, -8.64642], [41.1772, -8.64624], [41.17698, -8.646], [41.17637, -8.64534], [41.17632, -8.64529], [41.1763, -8.64523], [41.17629, -8.64517], [41.17628, -8.64509], [41.17629, -8.64503], [41.1763, -8.64496], [41.17672, -8.64435], [41.1768, -8.64423], [41.17681, -8.64421], [41.17689, -8.64404], [41.17697, -8.64392], [41.17727, -8.64347], [41.17755, -8.64304], [41.17777, -8.64271], [41.17778, -8.64267], [41.1778, -8.64264], [41.17781, -8.64261], [41.17782, -8.64257], [41.17786, -8.64234], [41.17787, -8.64228]]"
"Trindade, 4000-285 Porto, Portugal","[[41.1510093, -8.6107567]]"
"Viso, 4250 Porto, Portugal","[[41.1778665, -8.6422772]]"
"201-bus-v-a","[[41.17787, -8.64228], [41.17788, -8.64224], [41.17789, -8.64221], [41.17791, -8.64216], [41.17794, -8.6421], [41.17806, -8.64226], [41.17823, -8.64247], [41.17805, -8.64259], [41.17796, -8.64266], [41.1779, -8.64273], [41.17769, -8.64303], [41.17712, -8.64388], [41.17705, -8.64401], [41.17791, -8.64494], [41.17797, -8.64496], [41.178, -8.64497], [41.17818, -8.64502], [41.17822, -8.64504], [41.17841, -8.64519], [41.1789, -8.64571], [41.17899, -8.64582], [41.17905, -8.64593], [41.17907, -8.64595], [41.17908, -8.64597], [41.1791, -8.64603], [41.17911, -8.64607], [41.17913, -8.64619], [41.1791, -8.64621], [41.17904, -8.64628], [41.17901, -8.64632], [41.17898, -8.6464], [41.1789, -8.64674], [41.17888, -8.6471], [41.17885, -8.64739], [41.17874, -8.64795], [41.17871, -8.64811], [41.17868, -8.64827], [41.17865, -8.64841], [41.17833, -8.65003], [41.17817, -8.65093], [41.17788, -8.65236], [41.17778, -8.65283], [41.17772, -8.65279], [41.17768, -8.65276], [41.17761, -8.65271], [41.17757, -8.65267], [41.17755, -8.65266], [41.17747, -8.65257], [41.17743, -8.65253], [41.17738, -8.65247], [41.17668, -8.65161], [41.17646, -8.65135], [41.17626, -8.65164], [41.17623, -8.65168], [41.17612, -8.65184], [41.17591, -8.65212], [41.17583, -8.65224], [41.17576, -8.65235], [41.17568, -8.65246], [41.17563, -8.65253], [41.17559, -8.65259], [41.1755, -8.65272], [41.17534, -8.65295], [41.17507, -8.65329], [41.17494, -8.65344], [41.17487, -8.65352], [41.17484, -8.65355], [41.17456, -8.65382], [41.17421, -8.65412], [41.17413, -8.65418], [41.17404, -8.65426], [41.17387, -8.65441], [41.17358, -8.65466], [41.17347, -8.65475], [41.17338, -8.65484], [41.17327, -8.65492], [41.17317, -8.655], [41.17311, -8.65504], [41.17302, -8.65511], [41.17276, -8.65534], [41.17166, -8.65624], [41.17094, -8.65683], [41.17056, -8.65718], [41.17052, -8.65721], [41.17025, -8.65743], [41.17013, -8.65753], [41.1691, -8.65841], [41.16832, -8.65905], [41.16731, -8.65989], [41.16701, -8.66015], [41.16658, -8.66051], [41.16637, -8.66071], [41.16525, -8.66162], [41.16499, -8.66184], [41.16475, -8.66203], [41.16389, -8.66277], [41.16384, -8.66281], [41.16383, -8.66282], [41.1638, -8.66285], [41.16365, -8.66296], [41.16359, -8.66299], [41.16352, -8.66303], [41.16351, -8.66294], [41.16315, -8.66082], [41.16297, -8.65976], [41.16276, -8.65855], [41.16251, -8.65706], [41.16243, -8.6565], [41.16229, -8.65566], [41.16226, -8.65555], [41.16225, -8.65545], [41.16176, -8.65253], [41.16168, -8.65201], [41.16163, -8.65167], [41.16155, -8.65124], [41.16154, -8.65114], [41.16145, -8.65068], [41.1614, -8.65039], [41.16138, -8.65024], [41.16135, -8.65006], [41.16131, -8.64984], [41.16125, -8.64952], [41.16123, -8.64938], [41.1612, -8.64919], [41.16117, -8.64902], [41.16115, -8.64889], [41.16111, -8.64866], [41.16109, -8.64854], [41.16088, -8.64731], [41.16084, -8.64702], [41.16077, -8.64659], [41.16055, -8.64534], [41.16044, -8.64466], [41.16042, -8.64449], [41.16039, -8.64431], [41.16033, -8.64394], [41.16026, -8.64352], [41.16002, -8.64205], [41.15998, -8.64184], [41.15993, -8.64148], [41.15979, -8.64059], [41.1596, -8.63948], [41.15953, -8.63905], [41.15939, -8.63821], [41.15917, -8.6369], [41.159, -8.6358], [41.15896, -8.63557], [41.15875, -8.63432], [41.15857, -8.63323], [41.15851, -8.63294], [41.15848, -8.63277], [41.15843, -8.63247], [41.15822, -8.6312], [41.15815, -8.63073], [41.15812, -8.63056], [41.1581, -8.63049], [41.15808, -8.63043], [41.15806, -8.63038], [41.15805, -8.63035], [41.15803, -8.63031], [41.158, -8.63032], [41.15791, -8.63035], [41.15785, -8.63035], [41.15775, -8.63036], [41.15771, -8.63035], [41.15765, -8.63033], [41.15755, -8.63028], [41.15748, -8.63024], [41.1574, -8.63019], [41.15735, -8.63015], [41.1573, -8.6301], [41.15725, -8.63002], [41.1572, -8.62996], [41.15715, -8.62988], [41.1571, -8.6298], [41.15707, -8.6297], [41.15702, -8.62957], [41.15696, -8.62949], [41.15694, -8.62947], [41.15691, -8.62944], [41.15688, -8.62942], [41.15674, -8.62946], [41.15656, -8.62951], [41.15644, -8.62954], [41.15615, -8.62961], [41.15614, -8.62961], [41.15613, -8.6296], [41.15611, -8.6296], [41.15609, -8.6296], [41.15607, -8.62961], [41.15606, -8.62961], [41.156, -8.62962], [41.15592, -8.62965], [41.15587, -8.62966], [41.15583, -8.62967], [41.1558, -8.62968], [41.15578, -8.62968], [41.15576, -8.62968], [41.15573, -8.62968], [41.15571, -8.62967], [41.15557, -8.62957], [41.15556, -8.62955], [41.15554, -8.62952], [41.15525, -8.62914], [41.15524, -8.62913], [41.15515, -8.62901], [41.15512, -8.62893], [41.15511, -8.6289], [41.15509, -8.62886], [41.15509, -8.62882], [41.15509, -8.62879], [41.1551, -8.62875], [41.15513, -8.62868], [41.15522, -8.62854], [41.15539, -8.6282], [41.15543, -8.6281], [41.15549, -8.62794], [41.15555, -8.62782], [41.15562, -8.62765], [41.15563, -8.62762], [41.15565, -8.62759], [41.15566, -8.62758], [41.15568, -8.62756], [41.15575, -8.62751], [41.15564, -8.62744], [41.1556, -8.62741], [41.15509, -8.62699], [41.15505, -8.62699], [41.15502, -8.62698], [41.15497, -8.62697], [41.15459, -8.62684], [41.15444, -8.62678], [41.15426, -8.62673], [41.15415, -8.62668], [41.15411, -8.62664], [41.15353, -8.62647], [41.15291, -8.62628], [41.15275, -8.62628], [41.15268, -8.62626], [41.1526, -8.62623], [41.15231, -8.62614], [41.15221, -8.62608], [41.15221, -8.62607], [41.15218, -8.62602], [41.15194, -8.62596], [41.1516, -8.62586], [41.15139, -8.62582], [41.15138, -8.62582], [41.15126, -8.62584], [41.15114, -8.62588], [41.15094, -8.62597], [41.1504, -8.62584], [41.14911, -8.62555], [41.14909, -8.62555], [41.14893, -8.62551], [41.14888, -8.62553], [41.14888, -8.62554], [41.14887, -8.62554], [41.14882, -8.62553], [41.14875, -8.62551], [41.14873, -8.6255], [41.14869, -8.62548], [41.14865, -8.62545], [41.14862, -8.62542], [41.14856, -8.62533], [41.14851, -8.62521], [41.14849, -8.62515], [41.14845, -8.62505], [41.14839, -8.62484], [41.14832, -8.62456], [41.14831, -8.62443], [41.14821, -8.62418], [41.14807, -8.62376], [41.14777, -8.62269], [41.14763, -8.62215], [41.14759, -8.62197], [41.14754, -8.62181], [41.14743, -8.62107], [41.14742, -8.621], [41.14737, -8.62064], [41.14733, -8.62038], [41.14731, -8.62038], [41.14726, -8.62038], [41.14721, -8.62038], [41.1472, -8.62038], [41.14708, -8.62038], [41.14663, -8.62029], [41.14619, -8.62021], [41.14606, -8.62019], [41.14602, -8.62019], [41.14604, -8.62007], [41.14611, -8.61997], [41.14615, -8.61962], [41.14618, -8.61939], [41.14624, -8.61892], [41.14629, -8.61855], [41.14637, -8.61786], [41.14637, -8.61785], [41.1464, -8.61767], [41.14634, -8.61765], [41.14609, -8.6176], [41.14574, -8.61753], [41.14562, -8.6175], [41.14553, -8.61747], [41.14494, -8.6173], [41.14494, -8.61729], [41.14493, -8.61729], [41.14492, -8.61728], [41.14491, -8.61727], [41.1449, -8.61726], [41.14489, -8.61726], [41.14489, -8.61725], [41.14488, -8.61725], [41.14488, -8.61724], [41.14487, -8.61723], [41.14487, -8.61722], [41.14486, -8.61722], [41.14486, -8.61721], [41.14485, -8.61721], [41.14485, -8.6172], [41.14485, -8.61719], [41.14484, -8.61718], [41.14483, -8.61717], [41.14483, -8.61716], [41.14482, -8.61714], [41.14483, -8.61711], [41.14483, -8.61709], [41.14483, -8.61706], [41.14483, -8.61703], [41.14483, -8.61699], [41.14484, -8.61697], [41.14485, -8.61693], [41.14486, -8.6169], [41.14486, -8.61685], [41.14521, -8.61617], [41.14549, -8.61555], [41.14552, -8.61549], [41.14565, -8.61548], [41.14595, -8.61542], [41.14692, -8.6152], [41.14721, -8.61513], [41.14722, -8.61507], [41.14723, -8.61501], [41.14726, -8.61496], [41.14727, -8.61495], [41.1473, -8.61491], [41.14746, -8.61478], [41.14767, -8.61462], [41.14773, -8.61457], [41.14779, -8.61454], [41.14786, -8.6145], [41.14815, -8.61444], [41.1482, -8.61443], [41.14825, -8.61442], [41.14827, -8.6144], [41.14829, -8.61439], [41.14834, -8.61432], [41.14835, -8.6143], [41.14836, -8.61425], [41.14836, -8.61424], [41.14836, -8.61416], [41.14835, -8.61394], [41.14835, -8.61393], [41.14829, -8.61305], [41.14829, -8.61299], [41.14825, -8.61286], [41.14817, -8.61252], [41.14814, -8.6124], [41.14812, -8.61237], [41.14811, -8.61235], [41.1481, -8.61233], [41.14807, -8.61232], [41.14805, -8.61225], [41.14815, -8.6122], [41.14818, -8.61219], [41.14882, -8.61212], [41.14895, -8.61192], [41.14897, -8.61189], [41.14908, -8.61172], [41.14919, -8.61157], [41.1492, -8.61155], [41.14943, -8.61121], [41.14929, -8.6112], [41.14927, -8.61104], [41.14926, -8.61086], [41.14924, -8.61071], [41.14921, -8.61046], [41.14937, -8.61037], [41.14963, -8.61022], [41.14974, -8.61021], [41.14979, -8.61021], [41.14984, -8.61022], [41.15006, -8.61027], [41.15033, -8.61034], [41.15036, -8.61034], [41.15046, -8.61032], [41.1506, -8.61025], [41.15089, -8.61], [41.15133, -8.60958], [41.15141, -8.60953], [41.15145, -8.6095], [41.15148, -8.60949], [41.15152, -8.60948], [41.15157, -8.60948], [41.15169, -8.60967], [41.15173, -8.60973], [41.15176, -8.60982], [41.1519, -8.61013], [41.151, -8.61076]]"
"Viso, 4250 Porto, Portugal","[[41.1778665, -8.6422772]]"
"Trindade, 4000-285 Porto, Portugal","[[41.151001, -8.6107625]]"
"202-bus-a-p","[[41.14823, -8.61084], [41.14829, -8.61082], [41.14831, -8.61081], [41.14846, -8.61076], [41.14851, -8.61074], [41.14865, -8.61069], [41.14921, -8.61046], [41.14937, -8.61037], [41.14963, -8.61022], [41.14974, -8.61021], [41.14979, -8.61021], [41.14984, -8.61022], [41.15006, -8.61027], [41.15033, -8.61034], [41.15036, -8.61034], [41.15046, -8.61032], [41.1506, -8.61025], [41.15089, -8.61], [41.15133, -8.60958], [41.15141, -8.60953], [41.15145, -8.6095], [41.15148, -8.60949], [41.15152, -8.60948], [41.15157, -8.60948], [41.15169, -8.60967], [41.15174, -8.60969], [41.15176, -8.6097], [41.15181, -8.60974], [41.15194, -8.60988], [41.152, -8.60992], [41.15202, -8.60994], [41.15205, -8.60996], [41.15207, -8.60997], [41.15214, -8.60999], [41.15325, -8.61], [41.15331, -8.60998], [41.15352, -8.60995], [41.15359, -8.60995], [41.15364, -8.60995], [41.15386, -8.60994], [41.15392, -8.60992], [41.15397, -8.60989], [41.15402, -8.60987], [41.15406, -8.60984], [41.15419, -8.60973], [41.15442, -8.60954], [41.15454, -8.60941], [41.15463, -8.60934], [41.15473, -8.60929], [41.15484, -8.60926], [41.15495, -8.60925], [41.1552, -8.60924], [41.15522, -8.61003], [41.15431, -8.61009], [41.15364, -8.61006], [41.15364, -8.61018], [41.15364, -8.6102], [41.15364, -8.61035], [41.15364, -8.61057], [41.15364, -8.61109], [41.15365, -8.6114], [41.15365, -8.61141], [41.15362, -8.61153], [41.15363, -8.61172], [41.15362, -8.61195], [41.15379, -8.61202], [41.15428, -8.612], [41.15445, -8.61199], [41.15462, -8.61198], [41.15511, -8.61195], [41.1551, -8.61262], [41.15511, -8.61284], [41.15514, -8.6129], [41.15514, -8.61296], [41.15514, -8.61302], [41.15514, -8.61307], [41.15515, -8.61312], [41.15516, -8.61315], [41.15519, -8.6132], [41.15521, -8.61324], [41.15524, -8.61327], [41.15527, -8.61331], [41.15531, -8.61347], [41.15536, -8.61368], [41.15567, -8.61554], [41.15579, -8.61625], [41.15597, -8.61738], [41.15601, -8.61769], [41.15606, -8.61797], [41.1563, -8.61934], [41.15654, -8.6208], [41.15662, -8.62128], [41.15688, -8.62279], [41.15707, -8.62385], [41.15716, -8.62443], [41.15719, -8.62448], [41.15727, -8.62489], [41.15734, -8.62528], [41.15769, -8.62732], [41.15776, -8.6278], [41.15778, -8.62789], [41.15781, -8.62795], [41.15792, -8.62793], [41.15803, -8.62792], [41.15814, -8.62792], [41.15826, -8.62794], [41.15837, -8.62798], [41.15844, -8.62804], [41.15852, -8.62811], [41.15862, -8.62823], [41.15871, -8.62837], [41.15879, -8.62853], [41.15885, -8.62869], [41.1589, -8.62885], [41.15891, -8.62891], [41.15917, -8.62883], [41.15933, -8.62877], [41.15998, -8.6286], [41.16028, -8.62851], [41.16039, -8.62848], [41.16058, -8.6284], [41.16073, -8.62837], [41.16075, -8.62837], [41.16076, -8.62837], [41.16086, -8.62833], [41.16175, -8.62804], [41.16187, -8.62801], [41.16189, -8.628], [41.16209, -8.62791], [41.1621, -8.62791], [41.16222, -8.62785], [41.16224, -8.62785], [41.16232, -8.62781], [41.16238, -8.6278], [41.16335, -8.62751], [41.16352, -8.62747], [41.1639, -8.62733], [41.16421, -8.62724], [41.16443, -8.62717], [41.16471, -8.62709], [41.1648, -8.62777], [41.16481, -8.62783], [41.16486, -8.62819], [41.16489, -8.6284], [41.16505, -8.62969], [41.1651, -8.63014], [41.16511, -8.63027], [41.16511, -8.63043], [41.16508, -8.63071], [41.16503, -8.63082], [41.16499, -8.63094], [41.16486, -8.63125], [41.16463, -8.63176], [41.16451, -8.63198], [41.16446, -8.63204], [41.16436, -8.63222], [41.16418, -8.63264], [41.164, -8.63305], [41.16393, -8.63323], [41.16391, -8.63328], [41.16389, -8.63332], [41.16388, -8.63336], [41.16387, -8.63337], [41.16386, -8.63339], [41.16385, -8.63342], [41.16384, -8.63344], [41.16383, -8.63348], [41.16382, -8.6335], [41.16372, -8.63371], [41.16369, -8.63391], [41.16369, -8.63395], [41.1637, -8.6341], [41.16381, -8.63465], [41.16381, -8.63466], [41.16383, -8.63475], [41.16391, -8.6351], [41.16432, -8.6364], [41.16444, -8.63674], [41.16448, -8.63689], [41.16458, -8.63727], [41.16465, -8.63764], [41.16474, -8.6382], [41.16476, -8.63852], [41.16477, -8.63857], [41.16479, -8.63864], [41.16483, -8.63872], [41.16485, -8.63877], [41.16486, -8.63879], [41.1649, -8.63885], [41.16493, -8.63889], [41.16496, -8.63892], [41.165, -8.63896], [41.16507, -8.63902], [41.16508, -8.63902], [41.16508, -8.63903], [41.16509, -8.63903], [41.1651, -8.63903], [41.16511, -8.63903], [41.16515, -8.63905], [41.16518, -8.63907], [41.16522, -8.6391], [41.16526, -8.63914], [41.16529, -8.63918], [41.16531, -8.63921], [41.16536, -8.63929], [41.16537, -8.63933], [41.16538, -8.6394], [41.16539, -8.63946], [41.16539, -8.6395], [41.1654, -8.63954], [41.1654, -8.63957], [41.16539, -8.63964], [41.16538, -8.63968], [41.16537, -8.63971], [41.16535, -8.63976], [41.16533, -8.63982], [41.16529, -8.63987], [41.16525, -8.63993], [41.16519, -8.63998], [41.16515, -8.64], [41.16509, -8.64006], [41.16506, -8.64009], [41.16506, -8.6401], [41.16502, -8.64014], [41.165, -8.64015], [41.16498, -8.64019], [41.16496, -8.64021], [41.16495, -8.64023], [41.16492, -8.64028], [41.1649, -8.64033], [41.16489, -8.64036], [41.16487, -8.64043], [41.16486, -8.64052], [41.16486, -8.64059], [41.16487, -8.64065], [41.16489, -8.64079], [41.16493, -8.64106], [41.16497, -8.64126], [41.165, -8.64145], [41.16502, -8.64161], [41.16506, -8.64181], [41.16506, -8.64183], [41.16511, -8.64212], [41.1652, -8.64266], [41.16521, -8.64271], [41.16524, -8.64293], [41.16525, -8.64298], [41.16527, -8.64307], [41.16528, -8.64314], [41.1653, -8.64326], [41.16531, -8.64334], [41.16534, -8.64355], [41.16538, -8.64379], [41.16538, -8.64383], [41.16538, -8.64386], [41.16539, -8.64391], [41.16539, -8.644], [41.16539, -8.64408], [41.16539, -8.64421], [41.1654, -8.64427], [41.16541, -8.64439], [41.16546, -8.64465], [41.16547, -8.64472], [41.1655, -8.64486], [41.1655, -8.64489], [41.16555, -8.64518], [41.16555, -8.6452], [41.16558, -8.64537], [41.16562, -8.64558], [41.16569, -8.64602], [41.16574, -8.64626], [41.16579, -8.64651], [41.16579, -8.64653], [41.16583, -8.64669], [41.16584, -8.64674], [41.16599, -8.64745], [41.166, -8.64752], [41.16601, -8.64755], [41.16601, -8.64758], [41.16602, -8.64764], [41.16629, -8.64952], [41.16631, -8.64965], [41.16634, -8.64985], [41.16638, -8.65015], [41.1665, -8.65086], [41.16656, -8.6512], [41.16667, -8.65185], [41.16677, -8.65251], [41.1668, -8.6527], [41.16685, -8.65301], [41.16688, -8.6532], [41.16691, -8.65336], [41.16697, -8.65373], [41.16701, -8.65398], [41.16703, -8.65411], [41.16708, -8.65437], [41.16717, -8.655], [41.1672, -8.65517], [41.16724, -8.65548], [41.16725, -8.65555], [41.16726, -8.65567], [41.16726, -8.65577], [41.16726, -8.65591], [41.16725, -8.65593], [41.16723, -8.65612], [41.1672, -8.65629], [41.16716, -8.65641], [41.16708, -8.65661], [41.16701, -8.65671], [41.16684, -8.65697], [41.16673, -8.65712], [41.16664, -8.65721], [41.16663, -8.65722], [41.16649, -8.65734], [41.16642, -8.65736], [41.16641, -8.65736], [41.1664, -8.65737], [41.1663, -8.6574], [41.166, -8.65748], [41.16573, -8.65756], [41.16551, -8.65763], [41.16535, -8.65768], [41.16536, -8.65768], [41.16536, -8.65769], [41.16536, -8.6577], [41.16536, -8.65771], [41.16536, -8.65772], [41.16535, -8.65772], [41.16535, -8.65773], [41.16535, -8.65774], [41.16535, -8.65775], [41.16534, -8.65775], [41.16534, -8.65776], [41.16534, -8.65777], [41.16533, -8.65777], [41.16533, -8.65778], [41.16532, -8.65778], [41.16532, -8.65779], [41.16531, -8.65779], [41.1653, -8.65779], [41.16529, -8.65779], [41.16529, -8.6578], [41.16531, -8.65789], [41.16532, -8.65791], [41.16534, -8.65794], [41.16536, -8.65797], [41.16564, -8.65853], [41.16586, -8.65902], [41.16612, -8.65956], [41.16625, -8.65981], [41.16637, -8.66009], [41.16658, -8.66051], [41.16637, -8.66071], [41.16525, -8.66162], [41.16499, -8.66184], [41.16475, -8.66203], [41.16389, -8.66277], [41.16384, -8.66281], [41.16383, -8.66282], [41.1638, -8.66285], [41.16365, -8.66296], [41.16359, -8.66299], [41.16352, -8.66303], [41.16337, -8.66314], [41.16333, -8.66317], [41.16283, -8.66331], [41.1628, -8.66331], [41.16271, -8.66334], [41.16264, -8.66337], [41.16257, -8.66342], [41.16249, -8.66348], [41.16243, -8.66355], [41.16237, -8.66366], [41.16228, -8.66381], [41.16217, -8.66404], [41.16215, -8.66407], [41.16187, -8.66463], [41.16175, -8.66491], [41.16165, -8.66515], [41.16161, -8.66533], [41.16154, -8.66616], [41.16143, -8.66713], [41.16143, -8.66714], [41.16144, -8.66714], [41.16144, -8.66715], [41.16145, -8.66715], [41.16145, -8.66716], [41.16145, -8.66717], [41.16146, -8.66717], [41.16146, -8.66718], [41.16146, -8.66719], [41.16146, -8.6672], [41.16147, -8.6672], [41.16147, -8.66721], [41.16147, -8.66722], [41.16147, -8.66723], [41.16147, -8.66724], [41.16147, -8.66725], [41.16147, -8.66726], [41.16147, -8.66727], [41.16147, -8.66728], [41.16147, -8.66729], [41.16147, -8.6673], [41.16146, -8.66731], [41.16146, -8.66732], [41.16146, -8.66733], [41.16145, -8.66734], [41.16145, -8.66735], [41.16144, -8.66735], [41.16144, -8.66736], [41.16143, -8.66737], [41.16143, -8.66738], [41.16142, -8.66738], [41.16142, -8.66739], [41.16141, -8.66739], [41.1614, -8.6674], [41.16139, -8.6674], [41.16138, -8.66741], [41.16137, -8.66741], [41.16136, -8.66741], [41.16135, -8.66741], [41.16134, -8.66741], [41.16133, -8.66741], [41.16132, -8.66741], [41.16128, -8.66755], [41.16106, -8.66821], [41.16101, -8.66836], [41.16099, -8.66842], [41.16098, -8.66851], [41.16101, -8.6688], [41.16114, -8.6701], [41.16122, -8.67039], [41.16135, -8.67063], [41.1615, -8.67087], [41.16162, -8.67106], [41.1617, -8.67117], [41.16176, -8.67126], [41.16181, -8.67135], [41.16221, -8.67219], [41.16225, -8.6723], [41.16233, -8.67254], [41.16235, -8.67259], [41.16236, -8.6726], [41.16246, -8.67307], [41.16262, -8.67379], [41.16267, -8.67402], [41.16272, -8.67427], [41.16283, -8.67479], [41.16287, -8.67493], [41.16289, -8.67502], [41.16289, -8.67506], [41.16292, -8.67602], [41.16289, -8.67611], [41.16272, -8.67642], [41.16229, -8.67718], [41.16204, -8.67765], [41.16144, -8.67871], [41.16133, -8.67893], [41.16125, -8.67909], [41.16168, -8.67959], [41.1617, -8.67962], [41.16171, -8.67966], [41.16172, -8.6797], [41.16172, -8.67974], [41.16171, -8.67979], [41.16171, -8.67982], [41.16146, -8.68048], [41.16119, -8.68116], [41.16118, -8.68117], [41.16076, -8.68221], [41.16039, -8.6832], [41.15993, -8.68298], [41.15971, -8.68283], [41.15935, -8.68253], [41.15838, -8.68168], [41.15758, -8.68102], [41.15648, -8.68006], [41.15526, -8.67909], [41.15494, -8.68002], [41.15465, -8.6798], [41.15459, -8.67982], [41.15434, -8.67959], [41.15415, -8.67945], [41.15399, -8.67933], [41.15385, -8.67923], [41.15379, -8.67916], [41.15343, -8.67894], [41.1529, -8.67858], [41.15274, -8.67849], [41.15258, -8.67839], [41.15231, -8.67823], [41.15192, -8.67793], [41.15189, -8.67791], [41.15183, -8.67788], [41.15169, -8.67783], [41.15147, -8.67776], [41.15131, -8.67773], [41.1513, -8.67773], [41.15125, -8.67771], [41.1512, -8.67767], [41.15114, -8.67759], [41.15107, -8.67748], [41.15078, -8.67707], [41.15073, -8.67701], [41.1504, -8.67662], [41.15008, -8.67632], [41.15, -8.67626], [41.14989, -8.67619], [41.14987, -8.67618], [41.14979, -8.67614], [41.14967, -8.67608], [41.14958, -8.67604], [41.14939, -8.67589], [41.14924, -8.67579], [41.14914, -8.67571], [41.14905, -8.67563], [41.14844, -8.67515], [41.14821, -8.67482], [41.1481, -8.67459], [41.14803, -8.67438], [41.14865, -8.67293], [41.14874, -8.67292], [41.14877, -8.67292], [41.14892, -8.67289]]"
"Av. dos Aliados 136, 4000-067 Porto, Portugal","[[41.1482336, -8.6108352]]"
"Passeio Alegre, 4150-570 Porto, Portugal","[[41.1489197, -8.6728919]]"
"202-bus-p-a","[[41.14875, -8.67045], [41.14865, -8.67019], [41.14851, -8.66981], [41.14845, -8.66967], [41.14837, -8.66947], [41.14799, -8.66855], [41.14784, -8.66819], [41.14777, -8.66795], [41.1475, -8.66739], [41.14744, -8.66715], [41.14741, -8.66704], [41.14741, -8.66692], [41.14742, -8.66679], [41.14742, -8.66676], [41.14743, -8.66673], [41.14744, -8.66669], [41.14745, -8.66666], [41.14746, -8.66663], [41.14747, -8.6666], [41.14748, -8.66657], [41.1475, -8.66654], [41.1476, -8.66632], [41.14773, -8.66598], [41.14794, -8.66554], [41.14796, -8.66547], [41.14797, -8.66544], [41.14797, -8.66541], [41.14798, -8.66539], [41.14799, -8.66536], [41.148, -8.66533], [41.14801, -8.6653], [41.14801, -8.66528], [41.14802, -8.66525], [41.14803, -8.66522], [41.14804, -8.6652], [41.14804, -8.66517], [41.14805, -8.66513], [41.14806, -8.6651], [41.14806, -8.66507], [41.14807, -8.66503], [41.14807, -8.665], [41.14808, -8.66497], [41.14808, -8.66493], [41.14809, -8.6649], [41.14809, -8.66487], [41.14809, -8.66483], [41.1481, -8.6648], [41.1481, -8.66475], [41.1481, -8.66471], [41.1481, -8.66467], [41.1481, -8.66463], [41.1481, -8.66459], [41.1481, -8.66455], [41.1481, -8.66452], [41.1481, -8.66451], [41.1481, -8.66447], [41.1481, -8.66443], [41.14809, -8.66438], [41.14809, -8.66434], [41.14809, -8.66431], [41.14808, -8.66429], [41.14808, -8.66426], [41.14807, -8.66423], [41.14807, -8.6642], [41.14806, -8.66418], [41.14806, -8.66415], [41.14806, -8.66412], [41.14805, -8.66409], [41.14805, -8.66407], [41.14804, -8.66404], [41.14797, -8.66369], [41.14786, -8.66308], [41.14778, -8.66262], [41.14773, -8.66239], [41.14771, -8.66227], [41.14762, -8.66182], [41.1476, -8.66171], [41.14759, -8.66167], [41.14758, -8.66164], [41.14757, -8.6616], [41.14756, -8.66156], [41.14755, -8.66153], [41.14754, -8.66149], [41.14753, -8.66145], [41.14752, -8.66142], [41.14751, -8.66138], [41.1475, -8.66135], [41.14749, -8.66131], [41.14747, -8.66123], [41.14736, -8.66091], [41.14723, -8.66056], [41.14722, -8.66053], [41.14721, -8.6605], [41.1472, -8.66047], [41.14719, -8.66044], [41.14717, -8.6604], [41.14716, -8.66037], [41.14715, -8.66034], [41.14714, -8.66031], [41.14713, -8.66028], [41.14712, -8.66025], [41.14711, -8.66022], [41.1471, -8.66018], [41.14709, -8.66014], [41.14708, -8.66011], [41.14707, -8.66007], [41.14706, -8.66003], [41.14705, -8.65999], [41.14704, -8.65996], [41.14703, -8.65992], [41.14702, -8.65988], [41.14702, -8.65984], [41.14701, -8.6598], [41.14694, -8.65945], [41.14688, -8.65908], [41.14676, -8.65844], [41.14675, -8.65841], [41.14675, -8.65838], [41.14674, -8.65835], [41.14674, -8.65832], [41.14674, -8.65829], [41.14674, -8.65826], [41.14673, -8.65822], [41.14673, -8.65819], [41.14674, -8.65812], [41.14674, -8.65804], [41.14676, -8.65794], [41.14678, -8.65783], [41.14682, -8.65773], [41.14686, -8.65764], [41.14701, -8.65732], [41.14703, -8.65729], [41.14716, -8.65704], [41.1474, -8.65656], [41.14776, -8.65587], [41.1478, -8.65579], [41.14802, -8.65537], [41.14828, -8.65485], [41.14833, -8.65469], [41.14835, -8.65465], [41.14836, -8.6546], [41.14838, -8.65456], [41.14839, -8.65452], [41.1484, -8.65447], [41.14841, -8.65443], [41.14842, -8.65438], [41.14843, -8.65433], [41.14843, -8.65429], [41.14843, -8.65425], [41.14843, -8.65415], [41.14843, -8.65414], [41.14843, -8.6541], [41.14843, -8.65406], [41.14843, -8.65402], [41.14843, -8.65398], [41.14843, -8.65394], [41.14842, -8.6539], [41.14841, -8.6538], [41.14835, -8.65338], [41.14834, -8.65316], [41.14831, -8.65291], [41.14829, -8.65282], [41.14826, -8.65259], [41.14825, -8.65252], [41.14825, -8.65248], [41.14824, -8.65242], [41.14824, -8.65236], [41.14822, -8.65211], [41.14821, -8.6521], [41.14821, -8.65207], [41.14821, -8.65206], [41.14821, -8.65205], [41.14821, -8.65204], [41.14821, -8.65202], [41.14821, -8.65201], [41.1482, -8.652], [41.1482, -8.65198], [41.1482, -8.65197], [41.14817, -8.65176], [41.14811, -8.65126], [41.14791, -8.64994], [41.14791, -8.64992], [41.1479, -8.6499], [41.1479, -8.64989], [41.1479, -8.64987], [41.1479, -8.64985], [41.1479, -8.64983], [41.14789, -8.64981], [41.14789, -8.64979], [41.14789, -8.64977], [41.14789, -8.64976], [41.14789, -8.64974], [41.14789, -8.64971], [41.14789, -8.64968], [41.14789, -8.64965], [41.14789, -8.64961], [41.1479, -8.64958], [41.1479, -8.64955], [41.14791, -8.64952], [41.14791, -8.64949], [41.14792, -8.64946], [41.14793, -8.64943], [41.14794, -8.6494], [41.14799, -8.64925], [41.14807, -8.64902], [41.14809, -8.64898], [41.1481, -8.64895], [41.14827, -8.64851], [41.14838, -8.64802], [41.14843, -8.64768], [41.14846, -8.64739], [41.14847, -8.64711], [41.14847, -8.6468], [41.14846, -8.64648], [41.14844, -8.64624], [41.14842, -8.64605], [41.1484, -8.64594], [41.14839, -8.64587], [41.14835, -8.6455], [41.14831, -8.6452], [41.14826, -8.64486], [41.14823, -8.6446], [41.14819, -8.6443], [41.14813, -8.64388], [41.1481, -8.6436], [41.14805, -8.64323], [41.14804, -8.64312], [41.14803, -8.64297], [41.14803, -8.64287], [41.14803, -8.64276], [41.14804, -8.6426], [41.14804, -8.64258], [41.14806, -8.6424], [41.14808, -8.64219], [41.14811, -8.64205], [41.14813, -8.6419], [41.14815, -8.6418], [41.14817, -8.64173], [41.14818, -8.64167], [41.14821, -8.64157], [41.14827, -8.64129], [41.14832, -8.64109], [41.14836, -8.64092], [41.14838, -8.64083], [41.1484, -8.64074], [41.14844, -8.64056], [41.14845, -8.64045], [41.14845, -8.64043], [41.14847, -8.64028], [41.14847, -8.64015], [41.14847, -8.64], [41.14846, -8.63964], [41.14845, -8.63953], [41.14843, -8.63912], [41.14841, -8.6388], [41.14838, -8.6384], [41.14838, -8.63823], [41.14834, -8.63753], [41.14833, -8.63747], [41.14833, -8.63738], [41.14832, -8.63733], [41.14832, -8.63729], [41.14832, -8.63724], [41.14832, -8.6372], [41.14831, -8.63716], [41.14831, -8.63712], [41.1483, -8.63707], [41.1483, -8.63703], [41.1483, -8.63699], [41.14829, -8.63694], [41.14829, -8.6369], [41.14828, -8.63686], [41.14828, -8.63682], [41.14827, -8.63678], [41.14827, -8.63674], [41.14826, -8.63671], [41.14826, -8.63667], [41.14825, -8.63663], [41.14825, -8.63659], [41.14824, -8.63655], [41.14824, -8.63652], [41.14823, -8.63648], [41.14822, -8.63644], [41.14822, -8.63639], [41.14821, -8.63635], [41.1482, -8.6363], [41.14819, -8.63626], [41.14818, -8.63621], [41.14818, -8.63616], [41.14817, -8.63612], [41.14816, -8.63607], [41.14815, -8.63603], [41.14814, -8.63598], [41.14813, -8.63593], [41.14812, -8.63592], [41.14811, -8.63588], [41.1481, -8.63582], [41.14808, -8.63576], [41.14807, -8.6357], [41.14805, -8.63564], [41.14804, -8.63559], [41.14802, -8.63553], [41.14801, -8.63547], [41.14799, -8.63541], [41.14798, -8.63536], [41.14796, -8.6353], [41.1479, -8.63508], [41.14786, -8.63497], [41.14774, -8.63457], [41.14765, -8.63429], [41.14757, -8.63411], [41.14756, -8.63407], [41.14743, -8.63375], [41.14721, -8.6333], [41.14698, -8.63288], [41.14675, -8.63247], [41.14664, -8.63227], [41.14639, -8.63181], [41.14624, -8.6316], [41.14631, -8.63148], [41.14633, -8.63142], [41.14635, -8.63139], [41.14637, -8.63129], [41.14638, -8.63119], [41.14638, -8.63102], [41.14641, -8.63068], [41.14641, -8.63033], [41.14646, -8.62967], [41.14645, -8.62965], [41.14644, -8.62964], [41.14581, -8.62891], [41.14547, -8.62845], [41.14528, -8.62818], [41.14526, -8.62814], [41.14524, -8.62808], [41.14523, -8.62799], [41.14527, -8.62762], [41.1454, -8.62617], [41.1454, -8.62611], [41.14545, -8.62564], [41.14547, -8.6254], [41.14549, -8.62524], [41.1456, -8.62388], [41.14566, -8.62307], [41.14573, -8.62234], [41.14587, -8.62128], [41.1459, -8.62105], [41.14602, -8.62019], [41.14604, -8.62007], [41.14611, -8.61997], [41.14615, -8.61962], [41.14618, -8.61939], [41.14624, -8.61892], [41.14629, -8.61855], [41.14637, -8.61786], [41.14637, -8.61785], [41.1464, -8.61767], [41.14634, -8.61765], [41.14609, -8.6176], [41.14574, -8.61753], [41.14562, -8.6175], [41.14553, -8.61747], [41.14494, -8.6173], [41.14494, -8.61729], [41.14493, -8.61729], [41.14492, -8.61728], [41.14491, -8.61727], [41.1449, -8.61726], [41.14489, -8.61726], [41.14489, -8.61725], [41.14488, -8.61725], [41.14488, -8.61724], [41.14487, -8.61723], [41.14487, -8.61722], [41.14486, -8.61722], [41.14486, -8.61721], [41.14485, -8.61721], [41.14485, -8.6172], [41.14485, -8.61719], [41.14484, -8.61718], [41.14483, -8.61717], [41.14483, -8.61716], [41.14482, -8.61714], [41.14483, -8.61711], [41.14483, -8.61709], [41.14483, -8.61706], [41.14483, -8.61703], [41.14483, -8.61699], [41.14484, -8.61697], [41.14485, -8.61693], [41.14486, -8.6169], [41.14486, -8.61685], [41.14521, -8.61617], [41.14549, -8.61555], [41.14552, -8.61549], [41.14562, -8.61524], [41.14578, -8.61482], [41.1458, -8.61476], [41.14587, -8.61451], [41.14597, -8.61414], [41.146, -8.61404], [41.14601, -8.61399], [41.14602, -8.61393], [41.14603, -8.61388], [41.14603, -8.61383], [41.146, -8.61373], [41.146, -8.61371], [41.14594, -8.61362], [41.14594, -8.61361], [41.14593, -8.6136], [41.14593, -8.61359], [41.14592, -8.61358], [41.14591, -8.61356], [41.14591, -8.61355], [41.1459, -8.61351], [41.1459, -8.6135], [41.1459, -8.61349], [41.14592, -8.6133], [41.14595, -8.61302], [41.14598, -8.61269], [41.146, -8.61244], [41.14602, -8.61221], [41.14605, -8.6118], [41.14605, -8.61163], [41.14607, -8.61129], [41.14609, -8.61126], [41.14612, -8.61121], [41.14616, -8.61117], [41.1462, -8.61114], [41.14659, -8.61114], [41.1467, -8.61117], [41.14673, -8.61118], [41.14692, -8.61112], [41.147, -8.61111], [41.14758, -8.61099], [41.14775, -8.61095], [41.14785, -8.61094], [41.14818, -8.61085]]"
"Passeio Alegre, 4150-570 Porto, Portugal","[[41.1487473, -8.6704482]]"
"Av. dos Aliados 136, 4000-067 Porto, Portugal","[[41.148178, -8.6108502]]"
"test","[[41.17018, -8.67909], [41.17024, -8.67904], [41.17044, -8.67865], [41.17057, -8.6784], [41.17061, -8.67839], [41.17065, -8.67839], [41.17072, -8.67842], [41.17075, -8.67843], [41.17079, -8.67847], [41.17092, -8.67859], [41.17096, -8.67862], [41.17112, -8.67874], [41.17144, -8.67897], [41.17144, -8.67886], [41.17144, -8.6788], [41.17144, -8.67873], [41.17145, -8.67866], [41.17145, -8.67859], [41.17147, -8.67846], [41.17151, -8.67817], [41.17157, -8.67783], [41.17163, -8.67742], [41.17169, -8.67701], [41.17171, -8.67687], [41.17173, -8.67672], [41.17175, -8.67659], [41.17183, -8.67608], [41.17186, -8.67589], [41.17189, -8.6757], [41.17191, -8.67562], [41.17194, -8.67553], [41.17197, -8.67543], [41.172, -8.67537], [41.17202, -8.67532], [41.17205, -8.67527], [41.17209, -8.6752], [41.17212, -8.67516], [41.17216, -8.6751], [41.17223, -8.675], [41.17238, -8.6748], [41.1725, -8.67464], [41.17254, -8.67458], [41.17263, -8.67446], [41.17285, -8.67415], [41.1731, -8.67381], [41.17344, -8.67335], [41.17353, -8.67322], [41.1738, -8.67285], [41.17412, -8.67234], [41.17428, -8.67206], [41.17429, -8.67205], [41.17389, -8.67146], [41.17404, -8.67128], [41.17412, -8.6712], [41.17415, -8.67115], [41.17417, -8.67111], [41.17418, -8.67108], [41.17418, -8.67107], [41.17422, -8.67092], [41.17428, -8.67057], [41.17436, -8.67006], [41.17437, -8.67001], [41.17437, -8.66997], [41.17436, -8.66991], [41.17434, -8.66984], [41.17423, -8.66954], [41.17412, -8.66926], [41.17411, -8.66924], [41.17412, -8.66922], [41.17412, -8.6692], [41.17413, -8.66918], [41.17417, -8.66915], [41.17435, -8.6691], [41.17447, -8.66908], [41.1746, -8.6691], [41.17467, -8.6691], [41.17478, -8.66912], [41.17494, -8.66916], [41.17512, -8.66914], [41.1752, -8.66911], [41.17542, -8.66895], [41.17548, -8.66889], [41.17551, -8.66885], [41.17556, -8.66875], [41.17561, -8.66855], [41.17564, -8.66842], [41.17566, -8.66831], [41.17567, -8.66802], [41.17567, -8.66791], [41.17566, -8.66781], [41.17565, -8.66767], [41.17562, -8.66753], [41.1756, -8.66747], [41.17548, -8.66729], [41.17547, -8.66728], [41.17546, -8.66722], [41.17545, -8.66722], [41.17544, -8.66722], [41.17544, -8.66721], [41.17543, -8.66721], [41.17542, -8.66721], [41.17541, -8.6672], [41.1754, -8.66719], [41.17539, -8.66719], [41.17539, -8.66718], [41.17538, -8.66718], [41.17537, -8.66717], [41.17537, -8.66716], [41.17536, -8.66715], [41.17536, -8.66714], [41.17535, -8.66713], [41.17535, -8.66712], [41.17535, -8.66711], [41.17534, -8.6671], [41.17534, -8.66709], [41.17534, -8.66708], [41.17534, -8.66707], [41.17534, -8.66706], [41.17533, -8.66705], [41.17533, -8.66704], [41.17533, -8.66703], [41.17534, -8.66702], [41.17534, -8.66701], [41.17534, -8.667], [41.17534, -8.66699], [41.17534, -8.66698], [41.17535, -8.66697], [41.17535, -8.66696], [41.17535, -8.66695], [41.17536, -8.66694], [41.17536, -8.66693], [41.17537, -8.66692], [41.17538, -8.66691], [41.17538, -8.6669], [41.17539, -8.6669], [41.1754, -8.66689], [41.17541, -8.66688], [41.17542, -8.66688], [41.17542, -8.66687], [41.17543, -8.66687], [41.17544, -8.66687], [41.17545, -8.66687], [41.17546, -8.66686], [41.17548, -8.66686], [41.17549, -8.66687], [41.17553, -8.66681], [41.17553, -8.6668], [41.17566, -8.6667], [41.17567, -8.6667], [41.17573, -8.66667], [41.17581, -8.66658], [41.17591, -8.66644], [41.17598, -8.66635], [41.17604, -8.66627], [41.17608, -8.6662], [41.17612, -8.66614], [41.17617, -8.66604], [41.1762, -8.66595], [41.17626, -8.66581], [41.17634, -8.66554], [41.17641, -8.66528], [41.17646, -8.66499], [41.17649, -8.66466], [41.17644, -8.66412], [41.17637, -8.66378], [41.17649, -8.6637], [41.17657, -8.66363], [41.17695, -8.66324], [41.177, -8.6632], [41.17701, -8.66318], [41.17704, -8.66315], [41.17705, -8.66312], [41.17706, -8.66309], [41.17706, -8.66306], [41.17706, -8.66303], [41.17706, -8.66301], [41.17705, -8.66297], [41.17669, -8.66203], [41.17652, -8.66186], [41.17623, -8.66161], [41.17617, -8.66155], [41.17608, -8.66146], [41.17592, -8.66133], [41.17583, -8.66125], [41.17572, -8.66116], [41.17565, -8.6611], [41.17561, -8.66108], [41.17551, -8.66099], [41.17542, -8.66091], [41.17526, -8.66079], [41.17521, -8.66075], [41.17514, -8.6607], [41.17496, -8.66062], [41.17481, -8.66058], [41.17404, -8.66052], [41.17385, -8.66048], [41.17363, -8.66047], [41.17287, -8.66046], [41.17255, -8.6604], [41.17231, -8.66027], [41.1721, -8.66008], [41.17192, -8.65986], [41.17191, -8.65984], [41.1714, -8.65883], [41.17095, -8.65794], [41.17086, -8.65778], [41.1707, -8.65751], [41.17052, -8.65721], [41.17056, -8.65718], [41.17094, -8.65683], [41.17075, -8.65642], [41.17062, -8.65612], [41.17026, -8.65524], [41.16971, -8.65399], [41.16947, -8.65339], [41.16946, -8.65333], [41.1694, -8.65311], [41.1692, -8.65201], [41.16919, -8.65195], [41.16898, -8.65077], [41.16894, -8.65052], [41.16881, -8.64983], [41.16875, -8.64945], [41.16872, -8.64922], [41.16865, -8.64883], [41.16863, -8.64866], [41.16861, -8.64852], [41.16857, -8.64832], [41.16856, -8.64828], [41.16854, -8.64818], [41.16855, -8.64769], [41.16856, -8.64761], [41.16856, -8.64753], [41.16855, -8.64751], [41.16855, -8.64749], [41.16854, -8.64747], [41.16854, -8.64744], [41.16853, -8.64742], [41.16847, -8.64727], [41.16823, -8.64651], [41.16817, -8.64634], [41.16795, -8.64613], [41.16777, -8.64599], [41.16769, -8.64629], [41.16768, -8.64633], [41.16767, -8.64636], [41.16767, -8.64638], [41.16766, -8.6464], [41.16766, -8.64642], [41.16765, -8.64645], [41.16764, -8.64647], [41.16763, -8.64649], [41.16762, -8.64652], [41.16761, -8.64655], [41.1676, -8.64658], [41.16759, -8.6466], [41.16758, -8.64663], [41.16756, -8.64666], [41.16755, -8.64669], [41.16754, -8.64672], [41.16752, -8.64674], [41.16751, -8.64677], [41.16749, -8.64679], [41.16747, -8.64682], [41.16745, -8.64685], [41.16743, -8.64688], [41.16741, -8.64691], [41.16739, -8.64693], [41.16737, -8.64696], [41.16735, -8.64698], [41.16733, -8.64701], [41.16731, -8.64703], [41.16728, -8.64705], [41.16726, -8.64708], [41.16723, -8.6471], [41.1672, -8.64712], [41.16718, -8.64714], [41.16715, -8.64716], [41.16711, -8.64718], [41.16708, -8.6472], [41.16705, -8.64721], [41.16702, -8.64723], [41.16699, -8.64724], [41.16696, -8.64725], [41.16692, -8.64727], [41.16659, -8.64735], [41.16646, -8.64738], [41.16615, -8.64745], [41.16599, -8.64745], [41.16584, -8.64674], [41.16583, -8.64669], [41.16579, -8.64653], [41.16579, -8.64651], [41.16574, -8.64626], [41.16569, -8.64602], [41.16562, -8.64558], [41.16558, -8.64537], [41.16555, -8.6452], [41.16555, -8.64518], [41.1655, -8.64489], [41.1655, -8.64486], [41.16547, -8.64472], [41.16546, -8.64465], [41.16541, -8.64439], [41.1654, -8.64427], [41.16539, -8.64421], [41.16535, -8.64415], [41.16533, -8.64411], [41.16532, -8.64408], [41.16529, -8.64405], [41.16528, -8.64404], [41.16528, -8.64403], [41.16526, -8.64403], [41.16525, -8.64403], [41.16524, -8.64403], [41.16522, -8.64404], [41.1652, -8.64405], [41.16517, -8.64408], [41.16515, -8.64413], [41.16491, -8.64469], [41.16491, -8.6447], [41.16489, -8.64476], [41.16486, -8.64482], [41.16473, -8.64512], [41.16456, -8.64554], [41.16456, -8.64555], [41.16456, -8.64557], [41.16455, -8.64558], [41.16455, -8.64559], [41.16454, -8.6456], [41.16454, -8.64562], [41.16453, -8.64563], [41.16452, -8.64564], [41.16451, -8.64564], [41.1645, -8.64565], [41.16449, -8.64565], [41.16447, -8.64565], [41.16446, -8.64565], [41.16445, -8.64565], [41.16443, -8.64565], [41.16442, -8.64565], [41.16441, -8.64565], [41.16439, -8.64564], [41.16438, -8.64564], [41.16437, -8.64563], [41.16437, -8.64562], [41.16436, -8.64562], [41.16436, -8.64561], [41.16435, -8.6456], [41.16435, -8.64559], [41.16435, -8.64558], [41.16435, -8.64556], [41.16422, -8.64553], [41.1637, -8.64567], [41.16295, -8.64588], [41.16266, -8.64597], [41.16223, -8.64611], [41.16181, -8.64624], [41.16175, -8.64626], [41.16171, -8.64628], [41.16168, -8.64631], [41.16168, -8.64632], [41.16168, -8.64633], [41.16168, -8.64634], [41.16168, -8.64635], [41.16168, -8.64636], [41.16168, -8.64637], [41.16168, -8.64638], [41.16168, -8.64639], [41.16167, -8.64639], [41.16167, -8.6464], [41.16167, -8.64641], [41.16166, -8.64641], [41.16166, -8.64642], [41.16165, -8.64642], [41.16165, -8.64643], [41.16164, -8.64643], [41.16163, -8.64643], [41.16162, -8.64643], [41.16161, -8.64643], [41.1616, -8.64643], [41.16159, -8.64643], [41.16159, -8.64642], [41.16158, -8.64642], [41.16158, -8.64641], [41.16157, -8.64641], [41.16157, -8.6464], [41.16156, -8.6464], [41.16156, -8.64639], [41.16156, -8.64638], [41.16156, -8.64637], [41.16155, -8.64637], [41.16155, -8.64636], [41.16155, -8.64635], [41.16155, -8.64634], [41.16155, -8.64633], [41.16156, -8.64632], [41.16156, -8.64631], [41.16156, -8.6463], [41.16157, -8.64629], [41.16157, -8.64628], [41.16158, -8.64628], [41.16158, -8.64627], [41.16159, -8.64627], [41.1616, -8.64626], [41.16161, -8.64626], [41.16162, -8.64626], [41.16162, -8.64621], [41.16162, -8.6462], [41.16161, -8.64616], [41.1616, -8.64607], [41.16159, -8.64601], [41.16154, -8.6457], [41.1615, -8.64546], [41.16148, -8.64538], [41.16145, -8.64523], [41.16143, -8.64507], [41.16141, -8.64498], [41.16141, -8.64496], [41.1614, -8.64494], [41.16139, -8.6449], [41.16138, -8.64487], [41.16137, -8.64484], [41.16136, -8.64482], [41.16135, -8.64479], [41.16134, -8.64477], [41.16133, -8.64475], [41.16132, -8.64473], [41.16131, -8.64471], [41.16129, -8.64469], [41.16128, -8.64467], [41.16127, -8.64465], [41.16126, -8.64464], [41.16124, -8.6446], [41.16123, -8.64458], [41.16123, -8.64456], [41.16122, -8.64453], [41.16121, -8.64451], [41.1612, -8.64448], [41.1612, -8.64446], [41.16119, -8.64444], [41.16119, -8.64441], [41.16118, -8.64438], [41.16117, -8.64431], [41.16116, -8.64423], [41.16115, -8.64417], [41.16114, -8.64415], [41.16114, -8.64413], [41.16114, -8.64412], [41.16114, -8.64411], [41.16114, -8.6441], [41.16113, -8.64408], [41.16113, -8.64407], [41.16114, -8.64406], [41.16114, -8.64404], [41.16114, -8.64403], [41.16114, -8.64402], [41.16115, -8.644], [41.16116, -8.64398], [41.16116, -8.64397], [41.16117, -8.64395], [41.16119, -8.64392], [41.1612, -8.6439], [41.16123, -8.64384], [41.16131, -8.64387], [41.16132, -8.64388], [41.16133, -8.64388], [41.16135, -8.64388], [41.16138, -8.64387], [41.16192, -8.64368], [41.16197, -8.64365], [41.16223, -8.64359], [41.16235, -8.64355], [41.16251, -8.64351]]"
"Parque da Cidade do Porto, Estrada Interior da Circunvalação, Porto, Distrito do Porto, Portugal","[[41.1701814, -8.6790929]]"
"Estádio do Bessa, Estádio do Bessa Seculo XXI, Porto, Portugal","[[41.1625072, -8.6435055]]"
